PlayerId,Name,Team,Age,G,PA,AB,H,BB,HBP,HR,R,RBI,SB,OBP,SLG,wOBA,wRC+,WAR
18401,Ronald Acuña Jr.,ATL,25,158,734,642,217,80,9,41,149,106,73,0.416893732,0.596573208,0.428109547,170.6260232,8.283322075
13611,Mookie Betts,LAD,30,151,689,581,178,95,8,39,126,107,14,0.407837445,0.580034423,0.416546278,166.5808617,8.187309878
5361,Freddie Freeman,LAD,33,160,725,633,211,72,15,29,131,102,23,0.411034482,0.570300157,0.412373916,163.7861193,7.92185001
19755,Shohei Ohtani,LAA,28,135,599,497,151,91,3,44,102,95,20,0.412457912,0.653923541,0.4333881,179.5377184,6.619087604
14344,Matt Olson,ATL,29,161,719,607,171,104,4,54,127,137,1,0.388038942,0.602965403,0.412011913,159.8434633,6.617924223
12533,Marcus Semien,TEX,32,161,749,666,185,72,5,29,122,100,14,0.350267379,0.48048048,0.356072422,125.566718,6.307487911
13624,Corey Seager,TEX,29,118,532,473,156,49,4,33,88,96,2,0.392857142,0.627906976,0.421706965,171.0804215,6.145881854
23697,Julio Rodríguez,SEA,22,154,711,651,180,47,11,32,102,103,37,0.334739803,0.486943164,0.348875727,127.03603,5.955749994
25878,Corbin Carroll,ARI,22,155,645,565,161,57,13,25,116,76,54,0.361502347,0.50619469,0.37021638,132.9117398,5.908656252
12916,Francisco Lindor,NYM,29,159,684,600,153,65,12,31,108,98,31,0.336257309,0.471666666,0.3459728,121.4554321,5.889489627
25764,Bobby Witt Jr.,KCR,23,157,690,637,175,40,4,30,96,96,49,0.317851959,0.491365777,0.341667676,113.6287568,5.727855766
20123,Juan Soto,SDP,24,161,707,568,156,131,2,35,97,109,12,0.409348441,0.519366197,0.394384334,154.6168109,5.526733906
20503,William Contreras,MIL,25,140,608,538,156,62,5,17,85,78,5,0.36738056,0.459107806,0.357870326,124.5824329,5.421438783
15640,Aaron Judge,NYY,31,106,458,367,98,88,0,37,79,75,3,0.406113537,0.613079019,0.420276848,174.4525459,5.214080324
13510,José Ramírez,CLE,30,155,687,607,171,73,1,24,87,80,28,0.356622998,0.476112026,0.346535626,123.3582167,5.210705159
18360,Austin Riley,ATL,26,158,710,631,177,59,9,37,116,97,3,0.345070422,0.515055467,0.362215953,126.4890024,5.156468444
26288,Adley Rutschman,BAL,25,153,683,585,162,91,2,20,84,79,1,0.373352855,0.435897435,0.351348517,126.8308493,5.001218093
18314,Dansby Swanson,CHC,29,147,638,565,138,66,5,22,81,80,9,0.327586206,0.415929203,0.324583769,103.6057101,4.977910864
20043,Luis Robert Jr.,CHW,25,145,595,546,144,30,12,38,90,80,20,0.315254237,0.542124542,0.358041615,128.1203996,4.970077308
18345,Kyle Tucker,HOU,26,156,669,570,161,80,3,29,95,111,30,0.36858006,0.512280701,0.370459687,138.6723763,4.921416356
15491,J.P. Crawford,SEA,28,144,635,531,142,94,5,19,94,65,2,0.381329113,0.440677966,0.360692029,135.2299421,4.909697309
19287,Adolis García,TEX,30,147,629,552,135,65,6,39,108,107,9,0.327503974,0.509057971,0.354376761,124.3908766,4.873699566
26289,Gunnar Henderson,BAL,22,149,618,557,143,55,3,28,100,82,10,0.325242718,0.491921005,0.34679952,123.6763867,4.773748538
16578,Yandy Díaz,TBR,31,137,600,525,173,65,8,22,95,78,0,0.41,0.521904761,0.401676965,163.9175881,4.697119766
21534,Cal Raleigh,SEA,26,144,566,510,119,54,1,30,78,75,0,0.307420494,0.458823529,0.32785085,112.4565117,4.672158587
21479,Nico Hoerner,CHC,26,150,688,619,175,49,14,9,98,68,43,0.34643377,0.382875605,0.322096097,101.9394114,4.658000674
23667,Wander Franco,TBR,22,112,491,442,124,42,3,17,65,58,30,0.344195519,0.475113122,0.348808204,127.2562055,4.542261523
19556,Yordan Alvarez,HOU,26,113,492,407,119,68,13,31,76,97,0,0.406504065,0.584766584,0.415585306,169.9643448,4.484129546
27506,Ha-Seong Kim,SDP,27,151,621,534,140,75,3,17,84,59,38,0.353896103,0.400749063,0.332655086,113.2691632,4.444209251
12927,Brandon Nimmo,NYM,30,152,682,592,162,74,11,24,89,68,3,0.362701908,0.466216216,0.358725777,129.9976648,4.408718087
12161,Xander Bogaerts,SDP,30,154,663,594,169,56,7,19,83,58,19,0.349924585,0.439393939,0.342462025,119.8380731,4.400384717
19709,Fernando Tatis Jr.,SDP,24,140,634,574,148,53,3,25,91,78,29,0.322274881,0.449477351,0.332207192,112.9691539,4.339810118
20036,Isaac Paredes,TBR,24,142,566,489,122,56,20,31,69,98,1,0.349823321,0.486707566,0.360779622,135.5576815,4.325974673
19522,TJ Friedl,CIN,27,138,556,488,136,47,10,18,73,66,27,0.352189781,0.467213114,0.352640008,116.2883978,4.2964605
24770,James Outman,LAD,26,150,563,480,119,67,12,23,85,69,15,0.351687388,0.4375,0.343899171,117.9201852,4.270786758
19197,Will Smith,LAD,28,125,549,460,119,63,14,19,79,76,3,0.35701275,0.436956521,0.343474009,117.6354017,4.249641349
19352,Sean Murphy,ATL,28,108,438,370,93,49,18,21,65,68,0,0.365296803,0.478378378,0.366112397,129.0989286,4.192374938
13613,Ketel Marte,ARI,29,150,650,569,157,71,5,25,94,82,8,0.358461538,0.485061511,0.360767936,126.5829579,4.161621148
17678,Alex Bregman,HOU,29,160,720,618,161,92,8,24,101,96,3,0.3625,0.432038834,0.348099965,123.1672215,4.104527508
15998,Cody Bellinger,CHC,27,130,556,499,153,40,5,26,95,97,20,0.356115107,0.5250501,0.370149333,134.1265563,4.103182751
16930,Jonah Heim,TEX,28,130,498,454,117,40,1,18,61,95,2,0.317269076,0.438325991,0.323998213,103.3251369,4.069191278
5417,Jose Altuve,HOU,33,89,406,356,111,44,5,17,75,51,14,0.394088669,0.525280898,0.394612556,155.4209738,4.062596604
16556,Ozzie Albies,ATL,26,147,655,593,165,44,8,33,93,109,13,0.332312404,0.512647554,0.356204367,122.4623059,3.995843203
11477,Christian Yelich,MIL,31,143,629,548,152,77,3,19,105,76,27,0.368839427,0.447080291,0.352550745,121.0192572,3.990062358
19599,Chas McCormick,HOU,28,114,453,399,110,40,11,22,59,70,19,0.35619469,0.493734335,0.365180524,135.0115866,3.978772319
25931,Michael Harris II,ATL,22,137,534,500,146,25,5,18,76,55,20,0.330206378,0.476,0.343904789,114.2237701,3.883548864
16426,Thairo Estrada,SFG,27,119,526,492,134,22,10,14,63,49,23,0.315589353,0.418699186,0.317287294,101.4207639,3.858007153
16252,Trea Turner,PHI,30,155,691,639,170,45,6,26,102,76,30,0.319826338,0.458528951,0.333100557,107.7460687,3.839154333
13419,Christian Walker,ARI,32,157,661,582,150,62,8,33,86,103,11,0.333333333,0.496563573,0.350976788,120.0246253,3.8347779
19612,Bo Bichette,TOR,25,134,596,567,174,26,2,20,68,73,5,0.338926174,0.472663139,0.348513923,124.206895,3.77832275
19953,Josh Lowe,TBR,25,134,497,462,135,31,1,20,70,82,32,0.336016096,0.5,0.354304737,131.0677284,3.695379621
19950,Andrés Giménez,CLE,24,153,616,557,140,32,20,15,76,62,30,0.31372549,0.398563734,0.309094503,97.3949957,3.677904347
26294,Bryson Stott,PHI,25,150,635,581,161,38,7,15,77,61,31,0.324921135,0.414802065,0.319567573,98.68137002,3.658154692
9218,Paul Goldschmidt,STL,35,154,687,593,159,87,3,25,89,80,11,0.36297376,0.446880269,0.350109618,121.9906218,3.582788655
17919,Ian Happ,CHC,28,158,691,580,144,99,6,21,86,84,14,0.360347322,0.431034482,0.345219516,117.4280004,3.494847268
11493,Manny Machado,SDP,30,138,601,543,140,50,2,30,75,91,3,0.319467554,0.462246777,0.33383738,114.0610904,3.4688032
16505,Matt Chapman,TOR,30,140,581,509,122,62,8,17,66,54,4,0.330464716,0.424361493,0.328323715,110.2061705,3.432537616
18568,Luis Arraez,MIA,26,147,617,574,203,35,4,10,71,69,3,0.392857142,0.468641114,0.368882854,131.9032621,3.406933929
19290,Randy Arozarena,TBR,28,151,654,551,140,80,18,23,95,83,22,0.363914373,0.424682395,0.346540534,125.6837094,3.362903218
15986,Willy Adames,MIL,27,148,635,551,119,70,6,24,73,80,5,0.308056872,0.406533575,0.31033269,92.74064798,3.35562609
16997,Gleyber Torres,NYY,26,158,672,596,163,67,3,25,90,68,13,0.34672619,0.453020134,0.345460463,122.5717741,3.350545816
21454,Lars Nootbaar,STL,25,116,499,422,111,72,1,14,74,46,11,0.369477911,0.421800947,0.346932611,119.8625906,3.345558415
20529,Nolan Jones,COL,25,105,420,364,108,52,3,19,59,61,19,0.388095238,0.535714285,0.392246616,132.8713909,3.314002047
13621,Jeimer Candelario,- - -,29,139,572,501,126,53,13,22,77,70,8,0.336252189,0.473053892,0.346689222,117.3039983,3.299416496
11579,Bryce Harper,PHI,30,126,546,457,134,80,5,21,84,72,11,0.401098901,0.498905908,0.384167352,141.9517637,3.292158624
18577,Ke'Bryan Hayes,PIT,26,124,525,494,135,28,0,15,65,63,10,0.31047619,0.455465587,0.3258173,101.9286281,3.22767156
29695,Matt McLain,CIN,23,89,403,365,106,31,7,16,65,50,14,0.357320099,0.506849315,0.37016769,128.0288356,3.222318825
30116,Seiya Suzuki,CHC,28,138,583,515,147,59,2,20,75,74,6,0.3567753,0.485436893,0.358398376,126.2554992,3.181517506
12552,Eugenio Suárez,SEA,31,161,691,595,138,70,15,22,67,96,2,0.322720694,0.391596638,0.313336416,102.3916039,3.171553537
20202,Brandon Marsh,PHI,25,132,467,399,110,59,4,11,57,56,10,0.371244635,0.451127819,0.355853325,122.9863876,3.157278936
17350,Rafael Devers,BOS,26,152,654,579,157,61,11,33,90,99,4,0.350152905,0.500863557,0.359139507,123.8103377,3.116480158
10155,Mike Trout,LAA,31,82,362,308,81,45,7,18,54,44,2,0.367403314,0.49025974,0.367783019,134.0444446,2.972055799
13301,Max Muncy,LAD,32,134,575,479,102,84,6,36,94,105,1,0.333913043,0.478079331,0.345381738,118.9132423,2.963344321
10324,Marcell Ozuna,ATL,32,143,587,527,143,56,2,38,82,96,0,0.34241908,0.546489563,0.374853301,134.9537841,2.914501358
29766,Zack Gelof,OAK,23,68,295,265,72,26,3,14,40,32,14,0.342372881,0.513207547,0.36296223,137.2522573,2.909780526
24610,Steven Kwan,CLE,25,157,714,634,171,70,3,5,93,54,21,0.342215988,0.372239747,0.314783621,101.3400649,2.842654715
27478,Patrick Bailey,SFG,24,97,353,326,76,21,3,7,29,48,1,0.284900284,0.358895705,0.281740757,77.61088871,2.831856019
19251,Pete Alonso,NYM,28,153,654,564,123,65,21,46,92,118,4,0.319571865,0.507092198,0.347771671,122.660357,2.805996784
18882,Brandon Lowe,TBR,28,109,436,377,87,50,6,21,58,68,7,0.327981651,0.442970822,0.333865577,116.894371,2.796823861
27534,Edouard Julien,MIN,24,108,403,334,88,63,2,16,60,36,3,0.380597014,0.461077844,0.36654137,136.4475433,2.745528682
14551,Anthony Santander,BAL,28,152,652,587,151,55,6,28,81,95,5,0.325153374,0.473594548,0.341103441,119.7264897,2.734501588
22799,Geraldo Perdomo,ARI,23,143,492,404,100,64,6,6,71,47,16,0.355648535,0.361386138,0.321047531,99.977332,2.7240565
22244,Jack Suwinski,PIT,24,143,530,443,99,75,6,26,63,72,13,0.339622641,0.453724604,0.341395226,112.3630759,2.707540725
21636,Jeremy Peña,HOU,25,149,630,574,151,42,9,10,81,51,13,0.322683706,0.381533101,0.309026298,96.07192672,2.706544394
26121,Francisco Alvarez,NYM,21,122,421,380,80,34,6,25,51,63,2,0.285035629,0.439473684,0.311082071,98.08483221,2.703822816
17452,Jose Siri,TBR,27,101,364,338,75,20,2,25,58,56,12,0.26721763,0.49408284,0.318560882,106.2814626,2.695280475
24618,Ryan Jeffers,MIN,26,95,330,281,77,33,10,14,45,43,3,0.368098159,0.491103202,0.369103974,138.2245585,2.677083676
9777,Nolan Arenado,STL,32,144,612,560,149,41,3,26,71,93,3,0.315359477,0.458928571,0.327211526,106.6529618,2.62045207
19354,Luke Raley,TBR,28,118,406,357,89,28,18,19,56,49,14,0.333333333,0.490196078,0.352468701,129.7945451,2.614820328
12144,Max Kepler,MIN,30,129,489,436,113,45,4,24,71,66,1,0.331288343,0.483944954,0.3479602,123.5625919,2.5880769
26299,Josh Jung,TEX,25,121,512,475,127,30,5,23,75,70,1,0.31640625,0.469473684,0.336074569,111.6993811,2.582954708
21865,Bo Naylor,CLE,23,66,226,194,47,30,1,11,33,32,5,0.345132743,0.479381443,0.352915403,127.7822177,2.528566484
22263,Nolan Gorman,STL,23,119,464,406,96,53,3,27,59,76,7,0.327586206,0.477832512,0.344451616,118.2007643,2.514401839
15362,Jeff McNeil,NYM,31,156,648,585,158,39,18,10,75,55,10,0.333333333,0.377777777,0.314140461,100.1334113,2.511057143
16939,Lane Thomas,WSN,27,156,676,622,164,36,11,28,99,86,20,0.312130177,0.464630225,0.331123014,106.4537059,2.50452763
22275,Jake Burger,- - -,27,141,540,492,122,32,12,34,71,80,1,0.307407407,0.516260162,0.347298763,119.2207304,2.447564228
5827,Wilmer Flores,SFG,31,126,454,405,115,41,5,23,51,60,0,0.35462555,0.508641975,0.367927968,135.3410333,2.436878424
18839,Josh Naylor,CLE,26,120,491,448,137,33,3,17,52,97,10,0.352342158,0.486607142,0.351997238,127.1455242,2.428073173
20437,Royce Lewis,MIN,24,58,239,217,67,20,2,15,36,52,6,0.372384937,0.548387096,0.392612674,154.5264626,2.421626498
17338,Willi Castro,MIN,26,123,404,355,91,32,12,9,60,34,33,0.335820895,0.411267605,0.325704585,108.1296294,2.407433795
11609,Willson Contreras,STL,31,125,495,428,113,51,13,20,55,67,6,0.358299595,0.467289719,0.35792315,127.2243025,2.399034189
24617,Jarren Duran,BOS,26,102,362,332,98,24,3,8,46,40,24,0.346260387,0.48192771,0.353555269,119.9379965,2.360345109
13185,Orlando Arcia,ATL,28,138,529,484,128,39,3,17,66,64,1,0.321361058,0.421487603,0.322032521,99.57323033,2.292734485
6184,J.D. Martinez,LAD,35,112,474,427,117,34,2,33,61,103,1,0.324152542,0.578454332,0.373181407,137.5340893,2.29088632
12037,Jon Berti,MIA,33,132,422,386,115,29,2,7,53,33,16,0.347619047,0.409326424,0.328727139,105.0060551,2.288154937
18900,Leody Taveras,TEX,24,142,551,508,136,35,1,14,67,67,14,0.313868613,0.423228346,0.317592655,98.88325822,2.274538123
19326,Bryan Reynolds,PIT,28,145,640,574,151,53,7,24,85,84,12,0.3296875,0.459930313,0.337535813,109.7779534,2.255062298
25976,Riley Greene,DET,22,99,416,378,109,35,1,11,51,37,7,0.348557692,0.447089947,0.344244881,119.3216439,2.252138455
10264,Brandon Belt,TOR,35,102,399,334,84,61,2,18,52,42,0,0.368421052,0.482035928,0.366366276,136.5864539,2.225957014
12856,George Springer,TOR,33,154,683,613,158,60,5,21,87,72,20,0.327459618,0.404567699,0.319661959,104.1997511,2.220681092
23401,José Caballero,SEA,26,103,279,230,51,28,17,4,37,26,26,0.344086021,0.32173913,0.305573857,97.00872477,2.216974276
15161,Mitch Garver,TEX,32,86,340,292,80,44,3,19,45,50,0,0.374631268,0.506849315,0.378600263,141.1884538,2.210724681
4940,Jason Heyward,LAD,33,124,377,334,90,34,3,15,56,40,2,0.339572192,0.473053892,0.347671228,120.4467943,2.20896092
19452,Jake Rogers,DET,28,106,361,328,73,27,3,21,47,49,1,0.286111111,0.448170731,0.313596385,98.06871091,2.199522279
18126,LaMonte Wade Jr.,SFG,29,134,515,425,110,76,6,17,64,45,2,0.375733855,0.42117647,0.349829111,123.2180093,2.188984476
16219,J.D. Davis,SFG,30,144,546,480,119,52,6,18,61,69,1,0.325367647,0.4125,0.321182569,104.0299071,2.176015436
25961,Kerry Carpenter,DET,25,117,455,415,115,31,8,20,56,63,6,0.338461538,0.472289156,0.346687685,121.0155854,2.169176709
19363,Austin Hays,BAL,27,144,566,520,143,38,3,16,76,67,5,0.325088339,0.444230769,0.329951356,111.9931734,2.166825461
19918,Daulton Varsho,TOR,26,157,576,522,115,45,4,20,65,60,16,0.285714285,0.390804597,0.293522817,86.07379019,2.151086015
11615,Brandon Drury,LAA,30,124,518,481,124,25,7,24,58,80,0,0.301158301,0.48024948,0.330754939,108.3676448,2.145615502
19566,Nathaniel Lowe,TEX,27,160,721,620,163,93,5,17,89,82,1,0.361997226,0.416129032,0.341636221,115.5560598,2.118395266
19470,Tommy Edman,STL,28,136,524,475,117,35,7,13,68,47,26,0.305182341,0.397894736,0.304487022,91.43157459,2.117961022
25768,CJ Abrams,WSN,22,150,608,557,136,32,13,18,82,63,45,0.299173553,0.412926391,0.306352545,89.86188547,2.110231381
11038,Kevin Kiermaier,TOR,33,129,408,370,98,29,4,8,58,36,14,0.321867321,0.418918918,0.319981966,104.4216571,2.085179208
26323,Spencer Steer,CIN,25,156,665,582,158,68,11,23,74,86,15,0.356390977,0.463917525,0.354789508,117.7281816,2.068061025
23312,Ryan Noda,OAK,27,127,491,402,92,77,10,16,63,54,3,0.364562118,0.407960199,0.342656978,123.1717574,2.066502332
24679,Brendan Donovan,STL,26,95,371,327,93,33,9,11,48,34,5,0.364864864,0.422018348,0.344576693,118.2845438,2.062504988
23003,Yainer Diaz,HOU,24,103,376,354,100,11,5,23,51,60,0,0.308510638,0.539548022,0.354388847,127.528192,2.055118723
19238,Lourdes Gurriel Jr.,ARI,29,144,588,547,142,33,6,24,65,81,5,0.307823129,0.460694698,0.327906053,104.5713252,2.054411137
17027,Alex Verdugo,BOS,27,141,599,543,143,45,6,13,80,54,4,0.323873121,0.421731123,0.321955708,98.02555522,2.044169328
27647,Anthony Volpe,NYY,22,158,597,537,112,52,5,21,62,60,24,0.283557046,0.383612662,0.290669532,84.57747886,2.003821083
22715,Maikel Garcia,KCR,23,122,511,460,126,38,2,4,59,50,23,0.325490196,0.360869565,0.301057547,85.46801602,1.992483988
16535,Danny Jansen,TOR,28,86,301,268,61,23,10,17,38,53,0,0.312292358,0.473880597,0.336229824,115.6885933,1.981248287
19858,Luis Rengifo,LAA,26,126,445,394,104,41,6,16,55,51,6,0.339325842,0.444162436,0.338783432,113.934933,1.944725749
14221,Jorge Soler,MIA,31,137,580,504,126,66,6,36,77,75,1,0.34137931,0.511904761,0.360600667,126.3556658,1.893321375
13757,Chris Taylor,LAD,32,116,382,337,80,41,3,15,51,56,16,0.324607329,0.421364985,0.323237946,104.0808288,1.887875464
20454,Jazz Chisholm Jr.,MIA,25,97,384,353,89,26,2,19,51,52,22,0.305483028,0.461756373,0.327532859,104.2060993,1.88151567
17929,Cedric Mullins,BAL,28,115,452,401,94,43,1,15,51,74,19,0.307349665,0.418952618,0.312680107,100.0165758,1.85651195
16530,Mauricio Dubón,HOU,28,131,491,466,130,19,3,10,76,46,7,0.309572301,0.412017167,0.311150627,97.54502454,1.849801107
10950,Adam Duvall,BOS,34,92,353,320,79,22,6,21,45,58,4,0.303116147,0.53125,0.3473191,115.6135789,1.846828697
26466,Matt Wallner,MIN,25,75,252,211,53,28,13,14,42,41,2,0.373015873,0.511848341,0.379870192,145.6902987,1.84110191
23565,Davis Schneider,TOR,24,34,136,112,30,20,4,8,21,20,1,0.397058823,0.589285714,0.415875609,170.9182703,1.829160867
2967,Tommy Pham,- - -,35,129,481,426,109,47,2,16,55,68,22,0.328482328,0.446009389,0.332067945,110.00996,1.825711497
25807,Jared Triolo,PIT,25,53,205,178,54,23,3,3,29,21,6,0.390243902,0.404494382,0.353420526,120.4178939,1.824743854
14854,Mike Yastrzemski,SFG,32,105,377,327,77,44,3,15,54,43,2,0.330666666,0.449541284,0.334577194,113.0019298,1.79198963
11281,Whit Merrifield,TOR,34,144,587,542,149,36,3,11,66,67,26,0.320272572,0.385608856,0.30667727,95.19563089,1.786669058
14813,Kyle Farmer,MIN,32,119,364,332,85,22,8,11,49,46,2,0.315934065,0.409638554,0.315615459,101.133413,1.747094174
13066,Teoscar Hernández,SEA,30,160,678,625,161,38,8,26,70,93,7,0.305309734,0.4352,0.316450623,104.5511237,1.74153825
16572,Connor Joe,PIT,30,132,468,410,100,49,8,11,62,42,3,0.335470085,0.41707317,0.329189141,104.1871635,1.741171235
22664,Gabriel Moreno,ARI,23,111,380,341,97,29,3,7,33,50,6,0.339473684,0.407624633,0.324611324,102.3644414,1.736312066
22514,Triston Casas,BOS,23,132,502,429,113,70,1,24,66,65,0,0.366533864,0.489510489,0.367242278,129.4291338,1.733071906
11442,Gary Sánchez,- - -,30,75,267,240,52,21,4,19,33,47,0,0.288389513,0.491666666,0.329398314,111.068454,1.72080707
19627,Brent Rooker,OAK,28,136,522,460,111,48,10,29,60,68,4,0.323754789,0.476086956,0.341593104,122.4340232,1.708533138
5517,Kyle Higashioka,NYY,33,91,256,238,56,14,0,10,24,34,0,0.274509803,0.411764705,0.292944877,86.15529733,1.705969916
2396,Carlos Santana,- - -,37,145,616,547,132,65,0,23,78,86,6,0.319805194,0.431444241,0.324837303,101.7008135,1.699500701
15274,Mike Tauchman,CHC,32,107,397,334,84,55,4,8,64,48,7,0.361111111,0.374251497,0.328401203,106.1627139,1.689321837
14387,Harold Ramírez,TBR,28,121,429,396,123,22,5,12,56,67,5,0.349650349,0.457070707,0.346865002,125.9087086,1.675721314
18373,Ryan Mountcastle,BAL,26,114,468,421,114,37,3,18,64,68,3,0.329059829,0.45368171,0.334635591,115.2414158,1.673228203
22581,Alejandro Kirk,TOR,24,123,422,372,93,42,6,8,34,43,0,0.334123222,0.357526881,0.308086025,96.17251986,1.670442731
20308,Jake Meyers,HOU,27,111,341,309,70,26,5,10,42,33,5,0.296187683,0.381877022,0.296680001,87.51049406,1.669142701
11489,Michael A. Taylor,MIN,32,129,388,355,78,26,3,21,48,51,13,0.277922077,0.442253521,0.307480422,95.49224182,1.656657917
21853,Will Benson,CIN,25,107,325,283,76,40,1,11,50,31,18,0.36,0.494699646,0.365732341,125.0579384,1.656231604
24064,Ezequiel Tovar,COL,21,152,611,577,147,25,4,15,79,73,11,0.288998357,0.410745233,0.300392112,71.34516492,1.651496216
18819,Andy Ibáñez,DET,30,113,379,352,93,24,1,11,42,40,1,0.312169312,0.43465909,0.321434497,103.5039813,1.601214553
18564,Trent Grisham,SDP,26,152,550,465,92,74,5,13,67,50,14,0.313761467,0.352688172,0.298654416,90.49474504,1.584241347
26668,Elly De La Cruz,CIN,21,97,423,384,90,35,2,13,67,43,35,0.300947867,0.408854166,0.304463926,84.01896764,1.55165439
13152,Jorge Polanco,MIN,29,80,343,302,77,36,2,14,38,48,4,0.335276967,0.453642384,0.340074036,118.0940002,1.547087571
19956,Mickey Moniak,LAA,25,85,323,311,87,9,3,14,35,45,6,0.306501547,0.495176848,0.339016471,114.0965319,1.535176166
16442,Ryan O'Hearn,BAL,29,111,366,344,100,15,3,14,48,60,5,0.323287671,0.482558139,0.341021524,119.6696855,1.534630643
17548,Taylor Ward,LAA,29,97,409,356,90,39,8,14,60,47,4,0.334963325,0.421348314,0.329003017,107.1527897,1.530725086
11445,Mark Canha,- - -,34,138,504,432,113,49,17,11,50,61,11,0.35515873,0.400462962,0.333020219,110.8728108,1.526344298
21840,Freddy Fermin,KCR,28,70,235,217,61,13,1,9,26,32,0,0.32051282,0.460829493,0.333277092,107.8103794,1.49090386
16478,Kyle Schwarber,PHI,30,159,718,583,115,126,6,47,108,104,0,0.344011142,0.475128644,0.351008701,119.7413491,1.471497698
12155,Eddie Rosario,ATL,31,141,511,473,121,34,1,21,63,74,3,0.305882352,0.450317124,0.322922445,100.1693212,1.451832474
11739,J.T. Realmuto,PHI,32,135,540,489,123,35,9,20,70,63,16,0.310408921,0.45194274,0.323927325,101.6016307,1.449156582
19260,Jake Fraley,CIN,28,111,380,336,86,37,6,15,41,65,21,0.339473684,0.44345238,0.338403998,106.7527962,1.44088559
27465,Spencer Torkelson,DET,23,158,680,603,140,66,6,31,88,94,3,0.311764705,0.446102819,0.325245458,106.1466597,1.399464144
19913,Jesús Sánchez,MIA,25,124,398,356,90,38,2,14,43,52,3,0.327455919,0.452247191,0.33504106,109.2352624,1.379680608
24336,Johan Rojas,PHI,22,58,160,145,44,5,4,2,23,22,14,0.344155844,0.420689655,0.333699885,108.1475122,1.348989379
22558,Jarred Kelenic,SEA,23,104,413,369,93,41,1,11,44,49,13,0.326876513,0.4200542,0.320958612,107.6771496,1.332537608
29622,Sal Frelick,MIL,23,56,222,191,47,27,1,3,29,24,7,0.337837837,0.35078534,0.307618999,90.92295679,1.3303537
21897,Christopher Morel,CHC,24,106,425,384,94,36,2,26,62,70,6,0.311320754,0.5078125,0.346205614,118.0885114,1.312947099
5235,Justin Turner,BOS,38,145,623,555,154,51,11,23,86,96,4,0.34670947,0.457657657,0.347270918,115.5801673,1.293661791
21780,Esteury Ruiz,OAK,24,131,492,445,113,19,16,5,47,46,66,0.307692307,0.346067415,0.289206256,86.1068187,1.27114696
15112,Ryan McMahon,COL,28,151,623,551,133,68,1,23,80,70,5,0.32423756,0.433756805,0.326979221,89.15381272,1.255945967
9847,Andrew McCutchen,PIT,36,112,473,390,100,75,4,12,55,43,11,0.378435517,0.397435897,0.345259375,114.95137,1.232904049
17232,Yoán Moncada,CHW,28,92,357,334,87,20,2,11,39,40,1,0.305322128,0.4251497,0.314791591,98.1290463,1.230665702
19273,Stone Garrett,WSN,27,89,271,234,63,26,3,9,40,40,3,0.343283582,0.457264957,0.343629948,114.8311338,1.21660205
19392,Zach McKinstry,DET,28,148,518,464,107,44,5,9,60,35,16,0.302325581,0.351293103,0.288933928,80.96674462,1.213275756
8709,Elvis Andrus,CHW,34,111,401,369,94,25,4,6,38,44,12,0.3075,0.363143631,0.293712645,83.5120342,1.196885744
21523,Jonathan India,CIN,26,119,529,454,111,52,16,17,78,61,14,0.338374291,0.407488986,0.327254552,99.28464454,1.179126002
8623,Donovan Solano,MIN,35,133,444,389,109,40,14,5,43,38,0,0.367117117,0.390745501,0.336737335,115.7801943,1.16999549
27815,Jordan Westburg,BAL,24,67,225,205,54,16,1,3,26,23,4,0.315555555,0.409756097,0.312829496,100.1201688,1.142218523
14162,Carlos Correa,MIN,28,135,580,514,118,59,4,18,60,65,0,0.312068965,0.398832684,0.308534398,96.22311214,1.136836449
19734,Josh Rojas,- - -,29,104,347,311,77,27,1,4,47,40,12,0.306122448,0.340836012,0.285973112,79.25082811,1.128145297
16376,Michael Conforto,SFG,30,124,466,403,97,52,7,15,58,58,4,0.334763948,0.387096774,0.315918206,100.5037173,1.126704362
21614,Kyle Isbel,KCR,26,91,313,292,70,17,1,5,45,34,7,0.282051282,0.380136986,0.286053053,75.06327967,1.121238352
9874,DJ LeMahieu,NYY,34,135,558,494,120,59,3,15,54,44,2,0.326164874,0.390688259,0.313950704,100.721605,1.091508645
27690,Joey Wiemer,MIL,24,132,410,367,75,36,5,13,48,42,11,0.282926829,0.36239782,0.283656171,74.87211223,1.078927328
22217,Luis Campusano,SDP,24,49,174,163,52,7,3,7,27,30,0,0.356321839,0.490797546,0.363854441,134.1671974,1.070234293
13768,Travis Jankowski,TEX,32,107,287,247,65,35,2,1,34,30,19,0.356643356,0.331983805,0.312280147,95.19934587,1.058125336
18030,Harrison Bader,- - -,29,98,344,319,74,17,3,7,44,40,20,0.274052478,0.347962382,0.27073486,70.00824725,1.049013246
23800,Parker Meadows,DET,23,36,140,121,30,16,2,3,18,13,8,0.342857142,0.388429752,0.320461608,102.82934,1.043198616
19921,Blake Perkins,MIL,26,66,167,142,31,23,0,4,28,20,5,0.327272727,0.352112676,0.305298317,89.36851143,1.040998593
19806,Jason Delay,PIT,28,69,184,164,42,14,3,1,20,18,0,0.324175824,0.353658536,0.30090123,85.23928082,1.035644798
19339,Nicky Lopez,- - -,28,93,258,223,52,25,5,1,30,25,6,0.322834645,0.30941704,0.287345683,75.86062422,1.032256141
18036,Jake Cronenworth,SDP,29,127,522,458,105,46,11,10,54,48,6,0.311538461,0.377729257,0.301047112,92.09742687,1.030468534
5297,Aaron Hicks,- - -,33,93,312,269,68,42,0,8,44,36,6,0.352564102,0.382899628,0.326187909,109.4030122,1.022507857
17128,Ramón Laureano,- - -,28,104,400,357,81,33,9,9,45,35,11,0.3075,0.37535014,0.300776249,93.16621502,1.014200215
22458,Taylor Walls,TBR,26,99,349,303,61,44,1,8,50,36,22,0.304597701,0.333333333,0.286924712,84.34363569,1.005149399
11737,Nick Castellanos,PHI,31,156,668,623,170,36,3,29,79,106,11,0.312874251,0.478330658,0.336051214,109.7224858,1.002171749
17022,Edmundo Sosa,PHI,27,103,295,274,70,8,9,10,34,30,4,0.297945205,0.434306569,0.314620584,95.36776492,0.999745132
31347,Zach Neto,LAA,22,83,324,285,63,20,15,9,37,34,5,0.303405572,0.371929824,0.298045726,85.68572494,0.998205962
27790,Evan Carter,TEX,20,22,72,59,16,12,0,5,15,12,3,0.388888888,0.610169491,0.410527127,163.3278601,0.997032605
14968,Victor Caratini,MIL,29,61,225,200,51,19,3,7,23,25,1,0.324444444,0.375,0.308160754,91.28583641,0.98041641
19611,Vladimir Guerrero Jr.,TOR,24,156,682,602,159,67,9,26,78,94,5,0.34457478,0.443521594,0.339684983,118.0845432,0.975685596
19252,Cavan Biggio,TOR,28,110,333,285,66,40,6,9,52,39,5,0.336336336,0.368421052,0.314887465,100.8889199,0.961433003
7739,Travis d'Arnaud,ATL,34,73,287,262,60,21,3,11,31,39,0,0.292682926,0.404580152,0.302308769,86.36181467,0.946226214
23733,Ezequiel Duran,TEX,24,122,439,406,112,23,7,14,55,46,8,0.324200913,0.443349753,0.330056785,107.5264007,0.944470911
20521,Nick Madrigal,CHC,26,92,294,270,71,10,9,2,34,28,10,0.311418685,0.351851851,0.293613448,82.86108865,0.93173428
16153,Austin Slater,SFG,30,89,207,185,50,20,2,5,24,20,2,0.347826086,0.4,0.330185088,110.0599979,0.928291282
9774,Christian Vázquez,MIN,32,101,353,326,73,24,1,6,34,32,1,0.27840909,0.319018404,0.263738074,65.15949057,0.918679823
21618,Alec Bohm,PHI,26,144,606,554,151,42,5,19,73,95,4,0.326732673,0.431407942,0.327113544,103.7358323,0.915335604
9627,Yan Gomes,CHC,35,116,419,382,102,21,9,10,44,63,1,0.315035799,0.408376963,0.31164071,94.93615635,0.914728276
25505,Cade Marlowe,SEA,26,34,100,88,21,12,0,3,14,11,4,0.33,0.420454545,0.327006167,111.8707736,0.91288061
7859,Charlie Blackmon,COL,36,95,408,354,100,39,11,8,57,40,4,0.367647058,0.446327683,0.354012583,107.2613704,0.908852334
24655,Owen Miller,MIL,26,90,314,291,76,17,2,5,29,27,13,0.30254777,0.37113402,0.292003255,80.46317757,0.907099689
22168,Akil Baddoo,DET,24,111,353,309,67,41,0,11,39,34,13,0.307692307,0.368932038,0.296889923,86.48376012,0.89983086
18795,Ramón Urías,BAL,29,115,395,359,95,27,8,4,45,42,3,0.329113924,0.376044568,0.311186407,98.98078306,0.883553498
3473,Anthony Rizzo,NYY,33,99,421,373,91,35,12,12,45,41,0,0.327790973,0.378016085,0.312342934,99.60671095,0.882967655
25479,Brenton Doyle,COL,25,125,427,395,80,22,4,10,47,48,21,0.25,0.344303797,0.257608995,42.68806539,0.867282583
16725,Jose Trevino,NYY,30,55,168,157,33,8,2,4,15,15,0,0.257485029,0.31210191,0.251907585,57.69834381,0.855701022
21558,Matt Vierling,DET,26,133,526,475,122,44,5,9,61,42,6,0.325714285,0.374736842,0.308387874,94.45691404,0.819342739
20505,Drew Waters,KCR,24,98,337,302,69,27,5,8,40,32,16,0.299703264,0.377483443,0.295782763,81.81026229,0.810409745
15711,Tyler O'Neill,STL,28,72,266,238,55,28,0,9,27,21,5,0.312030075,0.403361344,0.312645516,96.89631862,0.809754207
25805,Blake Sabol,SFG,25,109,341,307,72,24,6,13,36,44,4,0.300884955,0.394136807,0.303176846,91.96926613,0.790846581
25332,Endy Rodríguez,PIT,23,57,204,186,41,17,0,3,27,13,0,0.284313725,0.327956989,0.2709528,65.17914431,0.77604101
13499,Tom Murphy,SEA,32,47,159,145,42,10,1,8,19,17,0,0.335443037,0.537931034,0.367386024,139.8718347,0.761340461
29931,Jacob Young,WSN,23,32,116,102,26,10,1,0,9,9,12,0.327433628,0.343137254,0.299500276,85.27208059,0.753776107
12976,Austin Hedges,- - -,30,82,212,185,34,11,2,1,14,16,1,0.233830845,0.227027027,0.209145842,23.72592358,0.747170324
13675,Tyrone Taylor,MIL,29,80,239,227,53,8,3,9,35,34,9,0.267782426,0.436123348,0.298853111,85.05136666,0.742398989
19779,Dairon Blanco,KCR,30,68,134,121,28,10,2,2,17,17,22,0.300751879,0.404958677,0.305513446,88.55792018,0.728786993
26517,Noelvi Marte,CIN,21,34,119,110,35,8,1,3,15,15,6,0.369747899,0.454545454,0.358898063,120.4801847,0.727645568
14128,Joey Gallo,MIN,29,111,332,282,50,48,2,21,39,40,1,0.301204819,0.439716312,0.319501409,103.8280912,0.721945169
13602,Patrick Wisdom,CHC,31,96,298,264,54,30,2,23,43,46,4,0.289562289,0.503787878,0.334455404,110.2179549,0.714635394
14161,Byron Buxton,MIN,29,85,347,304,63,35,4,17,49,42,9,0.293948126,0.4375,0.311133945,98.0257455,0.710619364
20325,Alex Kirilloff,MIN,25,87,316,278,74,28,7,11,35,40,1,0.344936708,0.442446043,0.34045908,118.361006,0.706338922
19262,Garrett Hampson,MIA,28,97,250,219,60,23,3,3,30,23,5,0.348178137,0.378995433,0.321922906,100.4484255,0.703476266
17766,DJ Stewart,NYM,29,57,182,157,38,15,7,11,21,26,1,0.333333333,0.503184713,0.35706219,128.883357,0.699753196
23359,Nelson Velázquez,- - -,24,53,179,162,38,14,2,17,35,34,0,0.301675977,0.586419753,0.368414994,132.2435312,0.695256691
11899,Joc Pederson,SFG,31,120,421,354,84,57,7,15,59,51,0,0.351543942,0.420903954,0.334041721,112.6432578,0.694836451
25816,Shea Langeliers,OAK,25,135,490,448,92,34,5,22,52,63,3,0.26789366,0.412946428,0.290238166,86.82238765,0.684021395
25660,Will Brennan,CLE,25,137,454,431,114,16,5,5,41,41,13,0.297356828,0.354988399,0.283727626,79.80455522,0.680121528
12979,Javier Báez,DET,30,135,543,506,111,24,9,9,58,58,12,0.265682656,0.322134387,0.258598626,59.93099319,0.67474675
10243,Randal Grichuk,- - -,31,117,466,429,115,29,6,15,64,43,2,0.321888412,0.454545454,0.331908454,99.36967844,0.663359916
20352,Ernie Clement,TOR,27,30,52,50,19,1,0,1,7,10,1,0.384615384,0.5,0.377515207,144.3175831,0.644329331
26149,Dominic Fletcher,ARI,25,28,102,93,28,7,0,2,10,14,0,0.35,0.440860215,0.339572379,112.3856944,0.63564967
10028,Christian Bethancourt,TBR,31,104,332,315,71,13,0,11,49,33,1,0.253776435,0.38095238,0.271319766,73.52252147,0.619745534
21693,Miguel Amaya,CHC,24,52,153,128,28,12,11,5,17,18,0,0.335526315,0.3671875,0.316416243,98.13491661,0.616849558
18042,Dylan Moore,SEA,30,66,164,144,30,16,4,7,18,19,7,0.304878048,0.430555555,0.318863285,106.2241634,0.613821257
19896,Connor Wong,BOS,27,125,399,367,87,22,6,9,55,36,8,0.29040404,0.389645776,0.295268858,79.51979074,0.604367034
14712,Manuel Margot,TBR,28,98,331,306,81,18,4,3,38,37,9,0.311178247,0.369281045,0.297710708,91.82309061,0.602250799
15464,Hunter Renfroe,- - -,31,140,548,498,116,44,3,20,60,60,0,0.297445255,0.41566265,0.307979496,92.27195762,0.586551592
15585,Mike Ford,SEA,30,83,248,217,49,24,6,16,32,34,0,0.318548387,0.474654377,0.340311942,121.0975478,0.585062535
19859,René Pinto,TBR,26,38,100,98,24,2,0,6,9,16,0,0.26,0.459183673,0.303781772,96.03301768,0.562321714
27684,Michael Massey,KCR,25,128,457,425,98,23,4,15,42,55,6,0.274122807,0.383529411,0.283746646,73.46392151,0.554319483
5343,Brandon Crawford,SFG,36,93,316,279,55,28,4,7,31,38,3,0.276190476,0.318996415,0.263483453,65.38173305,0.551680449
7802,Miguel Rojas,LAD,34,125,423,385,91,26,5,5,49,31,8,0.289786223,0.322077922,0.271015319,69.10093152,0.551614666
15674,Reese McGuire,BOS,28,71,204,185,50,11,1,1,14,16,1,0.313131313,0.362162162,0.29618607,80.15582349,0.548621855
20321,Stuart Fairchild,CIN,27,96,251,215,48,25,6,5,33,27,10,0.318548387,0.376744186,0.307032867,85.73970237,0.541482927
30011,Christian Encarnacion-Strand,CIN,23,62,237,218,59,14,5,13,29,37,2,0.329113924,0.481651376,0.348251516,113.3488863,0.526559829
20599,Iván Herrera,STL,23,13,44,37,11,5,2,0,6,4,0,0.409090909,0.351351351,0.349124857,121.3310068,0.520974059
23772,Wilyer Abreu,BOS,24,27,81,73,23,8,0,2,10,13,3,0.382716049,0.479452054,0.373732007,133.9293797,0.512445544
19948,Cristian Pache,PHI,24,47,92,82,19,9,0,2,11,11,2,0.307692307,0.414634146,0.313023445,94.29796515,0.511576029
17982,Ty France,SEA,28,157,662,585,146,42,34,12,79,58,1,0.335347432,0.365811965,0.313837338,102.7389641,0.504811435
15279,Garrett Cooper,- - -,32,122,452,418,106,30,2,17,42,61,0,0.305309734,0.423444976,0.314401224,97.00515852,0.494303086
31837,Masataka Yoshida,BOS,29,139,577,534,154,34,7,15,71,72,8,0.337954939,0.445692883,0.338697818,109.6352258,0.492838137
12859,James McCann,BAL,33,69,223,205,46,8,5,6,24,26,3,0.268181818,0.380487804,0.27986408,77.26058708,0.485448824
18289,Brian Anderson,MIL,30,96,361,318,72,36,4,9,38,40,1,0.310249307,0.367924528,0.299096822,85.21460987,0.485269605
17273,Jorge Mateo,BAL,28,115,349,317,69,22,1,7,58,34,32,0.268221574,0.340694006,0.265887297,67.56850874,0.484321714
10323,Rafael Ortega,NYM,32,46,132,111,25,19,1,1,16,8,6,0.34351145,0.279279279,0.291723399,85.11795588,0.480924415
21501,Trevor Larnach,MIN,26,57,209,180,39,27,0,8,26,40,1,0.315789473,0.422222222,0.317605676,102.5135112,0.477646372
23792,Alek Thomas,ARI,23,124,398,370,85,19,4,9,51,39,9,0.272727272,0.375675675,0.27872186,71.62663986,0.470520645
12282,Rougned Odor,SDP,29,59,157,138,28,17,2,4,21,18,2,0.299363057,0.355072463,0.291241309,85.52927795,0.470425119
16357,Pablo Reyes,BOS,29,63,182,166,48,12,0,2,26,20,6,0.333333333,0.379518072,0.312230867,91.28194865,0.458313898
5254,Robbie Grossman,TEX,33,115,420,353,84,57,2,10,56,49,1,0.34047619,0.393767705,0.322493188,102.2814904,0.446455671
17620,Myles Straw,CLE,28,147,518,462,110,42,2,1,52,29,20,0.30078125,0.296536796,0.268425572,69.19347909,0.420202855
18363,Victor Robles,WSN,26,36,126,107,32,11,4,0,15,8,8,0.385245901,0.364485981,0.338448838,111.3607086,0.420081759
19455,Andruw Monasterio,MIL,26,91,314,281,73,28,3,3,38,27,7,0.331210191,0.348754448,0.303150628,87.92994086,0.415956654
16496,Forrest Wall,ATL,27,15,15,13,6,2,0,1,6,2,5,0.533333333,0.846153846,0.568631128,264.7505585,0.403570832
17484,Eloy Jiménez,CHW,26,120,489,456,124,30,1,18,50,64,0,0.316973415,0.440789473,0.324673088,104.9812848,0.402492958
15654,Billy McKinney,NYY,28,48,147,128,29,17,1,6,19,14,1,0.319727891,0.40625,0.314701732,101.2423991,0.399453808
27555,Garrett Mitchell,MIL,24,18,69,62,16,7,0,3,10,6,1,0.333333333,0.467741935,0.344367491,115.5379283,0.392321087
19890,Emmanuel Rivera,ARI,27,85,279,254,66,21,0,4,32,29,1,0.311827956,0.358267716,0.294033744,81.88288632,0.391897934
12325,Jace Peterson,- - -,33,133,426,371,79,46,4,6,35,37,15,0.304245283,0.309973045,0.275643496,75.09926336,0.390131609
13145,Josh Bell,- - -,30,150,617,547,135,63,2,22,52,74,0,0.325203252,0.418647166,0.322682135,104.5347311,0.387942489
10681,Gio Urshela,LAA,31,62,228,214,64,10,1,2,22,24,3,0.328947368,0.373831775,0.30693178,91.84768204,0.384282251
26197,Andrew Vaughn,CHW,25,151,610,561,145,36,11,21,67,80,0,0.314754098,0.431372549,0.322519782,103.4880929,0.372825129
21270,Sean Bouchard,COL,27,20,42,37,11,4,0,3,10,6,0,0.357142857,0.594594594,0.394644144,134.4773094,0.370774999
20157,Matthew Batten,SDP,28,42,136,118,30,16,1,2,19,11,1,0.348148148,0.355932203,0.316620425,102.5287841,0.363793274
22563,Gabriel Arias,CLE,23,122,345,315,66,28,1,10,36,26,3,0.275362318,0.352380952,0.275590621,74.16201966,0.361034651
24589,Richie Palacios,STL,26,31,98,90,23,6,0,6,8,16,2,0.298969072,0.511111111,0.34022264,115.3681005,0.35923862
19864,Riley Adams,WSN,27,44,158,143,39,11,2,4,8,21,0,0.331210191,0.475524475,0.344407607,115.352027,0.356083091
27630,Nick Loftin,KCR,24,19,68,62,20,4,1,0,10,10,2,0.367647058,0.43548387,0.347803904,117.8838706,0.355115782
23698,Ronny Mauricio,NYM,22,25,104,97,24,7,0,2,11,9,6,0.298076923,0.350515463,0.285931218,81.23822152,0.346629676
19928,Ryan McKenna,BAL,26,89,139,122,31,9,3,2,23,18,5,0.31617647,0.360655737,0.298289959,90.03785306,0.344094234
20017,Miles Mastrobuoni,CHC,27,60,146,130,32,13,0,1,24,5,13,0.314685314,0.307692307,0.281210925,74.55359758,0.338392587
19698,Edward Olivares,KCR,27,106,381,350,92,22,7,11,46,35,11,0.317585301,0.445714285,0.326999773,103.457427,0.328936056
21538,Nick Fortes,MIA,26,107,320,291,60,17,7,6,33,26,4,0.264984227,0.302405498,0.252987982,54.27425364,0.327167936
19600,Bryan De La Cruz,MIA,26,152,623,576,150,40,1,19,61,78,4,0.307073954,0.414930555,0.311546455,93.49804444,0.322211611
19296,Alex Call,WSN,28,127,435,372,74,52,6,8,42,37,9,0.305555555,0.306451612,0.279066244,71.58490353,0.319377631
15223,Adam Frazier,BAL,31,140,453,410,99,32,4,13,59,60,11,0.301339285,0.397560975,0.303711013,93.79703577,0.317278092
12005,Nick Martini,CIN,33,28,75,68,18,5,2,5,9,15,0,0.333333333,0.558823529,0.375848188,131.8337622,0.311593767
18054,Sam Haggerty,SEA,29,52,108,91,23,15,1,1,13,5,10,0.364485981,0.34065934,0.321052957,107.742572,0.310807952
21711,Oneil Cruz,PIT,24,9,40,32,8,7,0,1,7,4,3,0.375,0.375,0.335335921,108.3044159,0.308453641
13355,Luke Maile,CIN,32,77,196,176,42,14,5,6,17,25,2,0.312820512,0.397727272,0.311652121,88.83378327,0.307118273
16424,Jordan Luplow,- - -,29,38,84,72,16,11,1,2,11,5,2,0.333333333,0.347222222,0.302770563,91.86364527,0.305643969
15124,Tim Locastro,NYM,30,42,64,53,12,3,6,1,12,2,6,0.338709677,0.339622641,0.310287659,97.55271736,0.302658003
19318,Matt Thaiss,LAA,28,95,307,262,56,36,6,9,32,31,2,0.319218241,0.339694656,0.295381606,83.8383142,0.297257416
16623,Greg Allen,NYY,30,22,28,23,5,2,2,1,6,1,3,0.333333333,0.478260869,0.349036888,125.0518146,0.294609535
26365,Jonny Deluca,LAD,24,24,45,42,11,3,0,2,5,6,1,0.311111111,0.428571428,0.319944955,101.8751092,0.292662137
26208,Tyler Fitzgerald,SFG,25,9,30,28,7,2,0,2,3,5,2,0.3,0.535714285,0.351084234,124.0587191,0.290776889
18015,Paul DeJong,- - -,29,112,400,372,77,21,5,14,41,38,4,0.2575,0.354838709,0.266447177,65.74076382,0.290556555
12977,Michael Perez,NYM,30,2,7,7,4,0,0,0,1,0,0,0.571428571,0.714285714,0.555850702,262.0364007,0.277842376
22266,Xavier Edwards,MIA,23,29,81,75,22,3,1,0,12,3,5,0.329113924,0.333333333,0.29508683,82.47301463,0.271485493
28080,Jasson Domínguez,NYY,20,8,33,31,8,2,0,4,6,7,1,0.303030303,0.677419354,0.40288416,162.3917375,0.268877445
21716,Enmanuel Valdez,BOS,24,48,145,136,36,7,1,6,15,19,4,0.305555555,0.455882352,0.326243186,100.9986697,0.267871416
25813,Grae Kessinger,HOU,25,25,44,39,8,5,0,1,3,1,0,0.295454545,0.333333333,0.28141886,76.92778877,0.266166042
25353,Michael Stefanic,LAA,27,24,67,58,17,8,1,0,5,6,0,0.388059701,0.362068965,0.338868948,113.9942336,0.264253865
20311,Corey Julks,HOU,27,93,323,298,73,22,1,6,35,33,15,0.297213622,0.352348993,0.285563615,79.80193345,0.253063865
19151,Estevan Florial,NYY,25,18,68,59,14,6,2,0,5,8,3,0.323529411,0.322033898,0.290467641,84.43747931,0.250381034
22186,Brice Turang,MIL,23,136,445,401,88,38,1,6,46,34,26,0.287330316,0.301745635,0.263417296,61.31565532,0.231502449
15518,Amed Rosario,- - -,27,141,541,506,133,29,3,6,69,57,15,0.304990757,0.37944664,0.297538618,88.71774363,0.226848147
14773,Yu Chang,BOS,27,39,112,105,17,3,2,6,12,18,4,0.2,0.352380952,0.236253385,38.59602424,0.226269191
23986,Curtis Mead,TBR,22,23,87,79,21,6,2,1,12,5,0,0.333333333,0.367088607,0.310917582,100.9812827,0.225688438
4106,Michael Brantley,HOU,36,14,53,51,15,1,0,2,7,7,0,0.301886792,0.450980392,0.31880181,102.8506707,0.224532884
21622,Jake McCarthy,ARI,25,98,308,272,66,26,5,2,36,16,26,0.319078947,0.327205882,0.290026396,79.19867386,0.222300045
11339,Jake Marisnick,- - -,32,46,83,76,18,3,2,2,10,10,2,0.280487804,0.407894736,0.294155997,84.83398196,0.216413374
22842,Alexander Canario,CHC,23,5,13,13,5,0,0,1,1,6,0,0.384615384,0.846153846,0.506143845,225.2187582,0.209310883
20220,Jo Adell,LAA,24,16,57,53,11,4,0,3,7,6,0,0.263157894,0.471698113,0.309155859,93.38995054,0.209221158
18887,Seby Zavala,- - -,29,72,189,171,29,12,2,7,17,18,1,0.229946524,0.30994152,0.23702284,43.73722462,0.204491817
12434,Kevin Pillar,ATL,34,80,202,193,45,6,0,9,29,32,4,0.252475247,0.424870466,0.285064634,74.81130263,0.204075451
13770,Rob Refsnyder,BOS,32,88,241,201,50,32,5,1,30,28,7,0.364016736,0.31840796,0.314150693,92.6132351,0.199660931
17907,Brendan Rodgers,COL,26,45,188,174,46,11,3,4,21,20,0,0.319148936,0.396551724,0.313009449,79.79654278,0.199282799
26368,JJ Bleday,OAK,25,81,299,253,50,41,2,10,35,27,5,0.311036789,0.359683794,0.298625081,92.63822099,0.196498872
19844,Abraham Toro,MIL,26,9,21,18,8,2,1,2,4,9,0,0.523809523,0.777777777,0.543768766,249.1014153,0.196336314
19358,Weston Wilson,PHI,28,7,20,14,4,6,0,1,4,2,3,0.5,0.5,0.441324547,180.2369466,0.193611288
22532,Tyler Freeman,CLE,24,63,165,150,36,10,2,3,19,17,5,0.294478527,0.346666666,0.282640451,79.0506628,0.189315758
25643,Drew Millas,WSN,25,10,28,26,8,2,0,1,1,5,0,0.357142857,0.5,0.367659175,130.9264536,0.185028573
33189,Nolan Schanuel,LAA,21,29,132,109,30,20,3,1,19,6,0,0.401515151,0.330275229,0.336491483,112.345601,0.181474971
12861,Anthony Rendon,LAA,33,43,183,148,35,25,6,2,23,22,2,0.360655737,0.317567567,0.311751427,95.18982423,0.170561307
25616,Marco Luciano,SFG,21,13,45,39,9,6,0,0,4,0,1,0.333333333,0.307692307,0.293362792,85.39559091,0.165955682
19877,Tristan Gray,TBR,27,2,5,5,2,0,0,1,1,1,0,0.4,1,0.577111018,285.5708076,0.16518802
26477,Spencer Horwitz,TOR,25,15,44,39,10,4,1,1,5,7,0,0.34090909,0.384615384,0.322215928,105.9707788,0.16135779
16512,Isiah Kiner-Falefa,NYY,28,114,357,322,78,28,3,6,39,35,14,0.306179775,0.341614906,0.287195274,82.16828513,0.158956355
27475,Jordan Walker,STL,21,116,461,416,113,37,6,16,50,50,7,0.338394793,0.439903846,0.337588575,113.6037439,0.158017852
10200,Tucker Barnhart,CHC,32,47,123,109,22,12,1,1,6,9,1,0.284552845,0.256880733,0.249563768,53.35561584,0.155594052
17161,Chad Wallach,LAA,31,65,172,157,31,13,0,7,18,15,0,0.258823529,0.375796178,0.274940664,69.6637208,0.1553937
20126,Dylan Carlson,STL,24,76,255,219,48,26,7,5,27,27,3,0.317647058,0.333333333,0.292998075,83.73601815,0.153744808
19873,Drew Ellis,PHI,27,12,29,23,5,6,0,2,4,4,0,0.379310344,0.478260869,0.373432795,134.7615144,0.15062697
17321,Michael Chavis,WSN,27,47,96,91,22,5,0,2,15,5,1,0.28125,0.34065934,0.273113539,67.59764683,0.148430467
14130,Daniel Vogelbach,NYM,30,104,319,275,64,42,2,13,33,48,0,0.338557993,0.403636363,0.326800628,108.6134773,0.142172285
15730,Tyler Wade,OAK,28,26,55,51,13,4,0,0,8,2,4,0.309090909,0.31372549,0.278240521,78.50272509,0.139428924
19181,Zack Collins,CLE,28,2,6,4,2,2,0,0,0,0,0,0.666666666,0.5,0.526161989,247.918557,0.135919465
22209,Sam Huff,TEX,25,21,45,43,11,2,0,3,5,6,0,0.288888888,0.511627906,0.337401602,112.6196004,0.134931387
12564,Trevor Story,BOS,30,42,164,154,31,9,1,3,12,13,10,0.25,0.318181818,0.249742716,47.95008365,0.129684653
27562,Austin Wells,NYY,23,18,71,66,13,3,0,4,7,13,0,0.228571428,0.439393939,0.278379544,76.05509367,0.127562945
20178,Miguel Vargas,LAD,23,81,304,256,50,38,4,7,36,32,3,0.304635761,0.3671875,0.294959149,85.13905067,0.126553083
14894,Tony Kemp,OAK,31,124,419,359,75,44,6,5,42,27,15,0.303398058,0.303621169,0.275534525,76.62627526,0.120654065
24729,Logan O'Hoppe,LAA,23,50,194,181,43,10,2,14,22,29,0,0.283505154,0.50276243,0.330995359,108.5343618,0.117387504
19964,Eguy Rosario,SDP,23,10,32,32,8,0,0,2,5,6,0,0.25,0.53125,0.323372502,107.0514783,0.10989724
13897,Tyler Heineman,- - -,32,21,42,35,7,7,0,0,4,0,1,0.333333333,0.228571428,0.271675636,70.31160215,0.109481108
15878,Miguel Andujar,PIT,28,29,86,80,20,6,0,4,9,17,2,0.302325581,0.475,0.33109251,105.4620834,0.109158141
15104,Jonathan Davis,MIA,31,34,104,90,22,7,2,2,22,10,1,0.306930693,0.377777777,0.298117383,84.50294759,0.108507824
19997,Santiago Espinal,TOR,28,92,249,225,56,18,3,2,29,25,2,0.31174089,0.337777777,0.287498218,81.89608446,0.103346764
21293,Dalton Guthrie,PHI,27,23,28,24,4,3,1,0,4,0,0,0.285714285,0.208333333,0.239464281,45.026372,0.093218743
20287,Ben Rortvedt,NYY,25,32,79,68,8,11,0,2,6,4,0,0.240506329,0.220588235,0.219214758,35.02778671,0.088975624
31166,Heston Kjerstad,BAL,24,12,29,27,7,1,0,2,3,4,0,0.285714285,0.518518518,0.338412896,117.8607549,0.088439796
9368,Evan Longoria,ARI,37,73,233,208,47,22,0,11,25,28,0,0.296137339,0.427884615,0.310575351,92.96282906,0.087025218
19828,Cody Thomas,OAK,28,19,46,42,10,4,0,1,1,2,0,0.304347826,0.38095238,0.300269648,93.77863134,0.076938286
17932,Andrew Stevenson,MIN,29,24,37,34,7,2,1,0,4,1,4,0.27027027,0.235294117,0.233959293,44.50965404,0.075019373
22202,Jeter Downs,WSN,24,6,9,5,2,4,0,0,4,1,2,0.666666666,0.4,0.505439321,223.2147138,0.074092508
20391,Luis García,WSN,23,121,480,447,119,25,0,9,60,50,9,0.300626304,0.384787472,0.295076867,82.3091808,0.066143513
17326,Cole Tucker,COL,26,5,10,8,4,1,1,0,2,2,0,0.6,0.5,0.495204294,201.8347735,0.06520188
20626,Logan Porter,KCR,27,11,38,31,6,5,1,1,4,3,0,0.324324324,0.322580645,0.296825322,82.53321603,0.063856426
21127,Alejo Lopez,CIN,27,1,2,2,1,0,0,0,1,1,0,0.5,1,0.621734977,296.5342978,0.062419948
18821,José Azocar,SDP,27,54,98,88,20,3,2,2,15,9,8,0.268817204,0.352272727,0.271355073,72.209027,0.057716063
24262,Ceddanne Rafaela,BOS,22,27,87,81,20,4,1,2,11,5,2,0.287356321,0.395061728,0.293872594,78.55156401,0.054848801
19788,Zach Remillard,CHW,29,53,155,142,34,8,1,1,16,17,4,0.284768211,0.309859154,0.261668189,61.29108451,0.054071579
20572,Kody Clemens,PHI,27,49,148,139,32,8,1,4,15,13,0,0.277027027,0.366906474,0.280695437,72.64393336,0.052937881
13620,Carson Kelly,- - -,28,52,151,136,28,14,0,2,13,13,1,0.278145695,0.286764705,0.254965155,56.31675337,0.052130425
20002,Bryce Johnson,SFG,27,30,48,43,7,4,0,1,7,3,3,0.229166666,0.255813953,0.217561852,34.62240571,0.050720588
10642,Carlos Pérez,OAK,32,68,189,168,38,13,4,6,17,20,0,0.292553191,0.357142857,0.285395058,83.46397604,0.050523994
3298,Charlie Culberson,ATL,34,1,1,1,1,0,0,0,0,0,0,1,1,0.882494986,474.9836736,0.048987464
15653,Dominic Smith,WSN,28,152,585,527,134,46,10,12,56,46,1,0.324786324,0.366223908,0.306399562,89.89337875,0.045425027
11381,Drew Maggi,PIT,34,3,6,6,2,0,0,0,1,1,0,0.333333333,0.5,0.35432749,121.0253987,0.04413076
4314,Joey Votto,CIN,39,64,241,207,42,27,7,14,26,38,0,0.315352697,0.434782608,0.326941126,99.074705,0.043365904
27676,Vinnie Pasquantino,KCR,25,61,260,231,57,25,2,9,24,26,0,0.324324324,0.437229437,0.326785258,103.3086732,0.036026552
19983,Conner Capel,OAK,26,32,86,73,19,12,1,0,6,3,5,0.372093023,0.328767123,0.321514457,108.51066,0.033698309
15271,Austin Wynns,- - -,32,50,143,128,27,9,2,1,11,10,1,0.271428571,0.28125,0.248784588,38.73159137,0.030169436
19818,Joshua Palacios,PIT,27,90,264,247,59,12,2,10,25,40,5,0.278625954,0.412955465,0.296554869,82.32798996,0.030103837
18123,Nathan Lukes,TOR,28,29,31,26,5,4,0,0,4,2,0,0.29032258,0.307692307,0.265911896,66.92723716,0.028084727
24934,David Fry,CLE,27,58,113,101,24,8,4,4,12,15,2,0.31858407,0.415841584,0.32124076,105.8177116,0.025954106
23296,Jacob Amaya,MIA,24,4,9,9,2,0,0,0,1,2,1,0.222222222,0.222222222,0.196109997,16.176092,0.021390765
21560,Alfonso Rivas,- - -,26,47,123,109,25,9,3,3,8,15,1,0.303278688,0.422018348,0.312801717,94.17371225,0.017882241
16375,Óscar Mercado,STL,28,20,32,31,9,1,0,0,3,5,2,0.3125,0.387096774,0.303792836,90.9665933,0.017807178
10199,Billy Hamilton,CHW,32,3,2,2,0,0,0,0,2,0,2,0,0,0,-100,0.011925472
13854,Anthony Bemboom,BAL,33,6,13,11,2,2,0,0,0,0,0,0.307692307,0.181818181,0.242843995,51.58933096,0.010086384
25040,Vinny Capra,PIT,26,9,21,18,3,2,0,0,3,1,0,0.25,0.222222222,0.220022094,31.06460513,0.005728143
22054,Dane Myers,MIA,27,22,70,67,18,2,0,1,9,9,1,0.285714285,0.358208955,0.278291168,71.22289998,0.00407241
21746,José Fermín,STL,24,20,58,50,11,5,2,0,2,3,0,0.315789473,0.24,0.263166995,63.75448576,0.002515394
13324,Ildemaro Vargas,WSN,31,85,281,258,64,19,1,4,31,31,1,0.301075268,0.356589147,0.288943548,78.2009449,0.001518946
10197,Shelby Miller,LAD,32,36,1,1,0,0,0,0,0,0,0,0,0,0,-100,0.000408944
13218,Michael Fulmer,CHC,30,58,1,1,0,0,0,0,0,0,0,0,0,0,-100,0.000238752
18323,Josh Sborz,TEX,29,44,1,1,0,0,0,0,0,0,0,0,0,0,-100,0.000232896
2829,Manny Piña,OAK,36,4,12,12,3,0,0,1,1,1,0,0.25,0.5,0.314004173,103.3027184,-0.00245132
17954,Sam Hilliard,ATL,29,40,78,72,17,6,0,3,15,6,4,0.294871794,0.430555555,0.312114498,92.92991389,-0.003284794
21524,Joey Bart,SFG,26,30,95,87,18,3,4,0,9,5,0,0.263157894,0.264367816,0.238758375,48.82031607,-0.005988464
17901,Andrew Benintendi,CHW,28,151,621,562,147,52,3,5,72,45,13,0.325806451,0.355871886,0.298966243,87.15509622,-0.011243313
17992,David Fletcher,LAA,29,32,93,87,22,5,0,2,6,12,0,0.29347826,0.333333333,0.277140759,71.18935709,-0.011954237
22505,Buddy Kennedy,ARI,24,10,29,24,4,4,1,0,1,1,0,0.310344827,0.208333333,0.255206581,55.87557342,-0.014159683
17696,Kevin Newman,CIN,29,74,253,225,57,17,4,3,28,28,8,0.310756972,0.364444444,0.295520493,78.02845384,-0.014658972
14735,Brett Phillips,LAA,29,39,67,59,11,8,0,3,9,6,3,0.283582089,0.355932203,0.283552881,75.63578737,-0.01862108
17838,Willie Calhoun,NYY,28,44,149,134,32,14,0,5,16,16,0,0.308724832,0.402985074,0.306874139,95.81442315,-0.022893415
19906,Diego Castillo,ARI,25,1,1,1,0,0,0,0,0,0,0,0,0,0,-100,-0.023197182
2136,David Peralta,LAD,35,132,421,393,101,20,2,7,47,55,4,0.29216152,0.37913486,0.288957503,81.11901233,-0.023582517
26396,Josh H. Smith,TEX,25,90,232,195,36,25,9,6,29,15,1,0.304347826,0.328205128,0.28696212,77.64277967,-0.025169815
13329,Jake Lamb,LAA,32,19,54,51,11,3,0,2,7,5,0,0.259259259,0.352941176,0.266620796,63.89438047,-0.028084728
22232,Mason McCoy,TOR,28,6,1,1,0,0,0,0,2,0,0,0,0,0,-100,-0.030097195
19958,Carter Kieboom,WSN,25,26,91,84,17,6,1,4,12,11,0,0.263736263,0.369047619,0.275919154,69.47691168,-0.030548718
12147,Nick Ahmed,ARI,33,72,210,198,42,12,0,2,14,17,5,0.257142857,0.303030303,0.247397219,50.64468632,-0.030843799
14477,Jake Cave,PHI,30,64,199,181,39,14,1,5,17,21,3,0.272727272,0.35359116,0.273049144,67.5222733,-0.031145321
24597,Jonathan Ornelas,TEX,23,8,8,7,1,0,1,0,2,0,0,0.25,0.142857142,0.201070875,18.08224246,-0.032020321
29976,Jordan Lawlar,ARI,20,13,30,27,4,2,1,0,2,0,1,0.233333333,0.148148148,0.188267797,11.03846124,-0.033119108
23552,Chandler Seagle,SDP,27,1,1,1,0,0,0,0,0,0,0,0,0,0,-100,-0.033279189
2233,Adam Wainwright,STL,41,22,1,1,0,0,0,0,0,0,0,0,0,0,-100,-0.033646378
25476,Cam Eden,TOR,25,4,1,1,0,0,0,0,1,0,0,0,0,0,-100,-0.033860391
18171,Seth Brown,OAK,30,112,378,343,76,30,2,14,33,52,3,0.286472148,0.405247813,0.297706895,92.0015124,-0.036832992
19977,Tres Barrera,STL,28,6,2,2,0,0,0,0,0,0,0,0,0,0,-100,-0.039499827
25493,Joey Ortiz,BAL,24,15,34,33,7,0,0,0,4,4,0,0.205882352,0.242424242,0.192307055,16.5449293,-0.039661298
19245,Chris Okey,LAA,28,2,2,2,0,0,0,0,0,0,0,0,0,0,-100,-0.040171424
18872,Jahmai Jones,MIL,25,7,11,10,2,1,0,0,2,3,1,0.272727272,0.3,0.256541447,56.71005646,-0.042158383
24273,Liover Peguero,PIT,22,58,209,195,46,10,1,7,21,26,6,0.275362318,0.364102564,0.278109212,69.9726711,-0.045010485
5038,Josh Donaldson,- - -,37,50,185,162,25,21,0,13,18,25,0,0.248648648,0.425925925,0.286758954,79.9784861,-0.045880734
22471,Livan Soto,LAA,23,4,12,9,2,3,0,0,2,0,0,0.416666666,0.222222222,0.321080243,101.6588104,-0.045900152
21535,Connor Kaiser,COL,26,3,4,4,0,0,0,0,0,0,0,0,0,0,-100,-0.050076869
15905,Luis Torrens,- - -,27,17,29,27,7,1,1,0,1,4,0,0.310344827,0.37037037,0.299394924,88.49818515,-0.050929859
27490,Nick Gonzales,PIT,24,34,124,111,23,6,4,2,12,13,0,0.268292682,0.342342342,0.266922184,62.47934642,-0.055373431
18063,Kyle Garlick,MIN,31,14,30,28,5,2,0,2,2,4,0,0.233333333,0.428571428,0.280218736,76.58786297,-0.057468542
11368,Yasmani Grandal,CHW,34,117,400,358,84,36,4,8,33,33,0,0.31,0.340782122,0.289252435,80.41914062,-0.060218041
19960,Taylor Trammell,SEA,25,22,56,46,6,9,1,3,7,11,0,0.285714285,0.326086956,0.279404573,78.86186234,-0.06084377
2900,Roberto Pérez,SFG,34,5,17,15,2,2,0,0,0,1,0,0.235294117,0.133333333,0.185704231,13.28345022,-0.063727477
20805,Carlos Pérez,CHW,26,26,49,45,10,4,0,1,5,3,0,0.285714285,0.377777777,0.289252628,80.41927422,-0.064006026
22274,Samad Taylor,KCR,24,31,69,60,12,7,0,0,11,4,8,0.279411764,0.266666666,0.248083553,48.73365987,-0.06621054
24485,Tyler Cropley,KCR,27,2,7,6,1,0,0,0,0,1,0,0.142857142,0.166666666,0.126070712,-35.87508409,-0.067153324
20404,Jared Young,CHC,27,15,43,39,8,3,1,2,8,8,2,0.279069767,0.512820512,0.329597674,106.9641374,-0.068328292
19842,Caleb Hamilton,BOS,28,4,6,5,0,1,0,0,0,0,0,0.166666666,0,0.115998497,-44.79368311,-0.069956771
21837,Jonathan Aranda,TBR,25,33,98,82,17,13,2,1,12,7,0,0.326530612,0.304878048,0.285523665,83.3720921,-0.071023971
17109,Meibrys Viloria,CLE,26,10,4,3,0,1,0,0,0,0,0,0.25,0,0.173997745,3.713322725,-0.071501411
11680,Elias Díaz,COL,32,140,525,485,129,34,2,14,48,72,1,0.314285714,0.408247422,0.313058726,79.82955018,-0.071949079
13788,Matt Reynolds,CIN,32,2,5,5,1,0,0,0,1,0,0,0.2,0.2,0.176498997,-1.694837685,-0.07269538
14350,Raimel Tapia,- - -,29,63,164,143,32,17,1,3,27,13,8,0.308641975,0.328671328,0.285735854,74.80682815,-0.075488212
12140,Juniel Querecuto,STL,30,8,21,20,2,1,0,0,2,0,0,0.142857142,0.15,0.134378853,-22.51072652,-0.07566217
28163,Junior Caminero,TBR,19,6,30,28,6,2,0,0,2,5,0,0.266666666,0.25,0.234930895,48.28897504,-0.075825919
11200,Kole Calhoun,CLE,35,43,174,157,34,13,2,6,18,25,0,0.281609195,0.375796178,0.285948688,81.34473148,-0.079279044
9929,Darin Ruf,- - -,36,20,57,49,11,8,0,0,3,3,0,0.333333333,0.285714285,0.286987677,79.00867637,-0.079387966
22169,Cal Mitchell,PIT,24,2,5,4,0,1,0,0,0,0,0,0.2,0,0.139198196,-23.07307114,-0.081674807
13338,Omar Narváez,NYM,31,49,146,128,27,14,0,2,12,7,0,0.28275862,0.296875,0.259429265,63.48661385,-0.08185297
16622,Luis Urías,- - -,26,52,177,144,28,21,10,3,18,18,0,0.337142857,0.298611111,0.297793917,82.73908746,-0.087557979
18395,Travis Blankenhorn,WSN,26,10,37,31,5,6,0,1,2,1,0,0.297297297,0.258064516,0.262405025,60.42484192,-0.09674691
31490,Wade Meckler,SFG,23,20,64,56,13,6,2,0,6,4,0,0.328125,0.25,0.272835933,71.64623576,-0.100441332
22411,Cal Stevenson,SFG,26,6,12,9,0,3,0,0,1,0,0,0.25,0,0.173997745,5.442180733,-0.100696248
22557,Michael Siani,- - -,23,8,6,5,0,1,0,0,1,0,1,0.166666666,0,0.115998497,-25.62122515,-0.104098777
14196,Andrew Velazquez,LAA,28,54,94,81,14,10,0,2,12,3,13,0.263736263,0.283950617,0.248779063,51.52218578,-0.109320423
13836,Matt Duffy,KCR,32,78,206,188,47,12,4,2,17,16,1,0.305825242,0.324468085,0.280885311,71.47975417,-0.111020814
12160,Ben Gamel,SDP,31,6,15,15,3,0,0,0,2,2,0,0.2,0.266666666,0.200563995,24.7915611,-0.112915027
14567,Franchy Cordero,NYY,28,24,71,69,13,2,0,6,9,13,0,0.211267605,0.478260869,0.286052921,81.37613034,-0.112950881
13359,Tyler Naquin,CHW,32,4,3,3,0,0,0,0,0,0,0,0,0,0,-100,-0.11494131
12775,Brad Miller,TEX,33,27,67,56,12,10,0,1,8,6,0,0.328358208,0.339285714,0.300213651,86.83193891,-0.118721008
19432,Yonny Hernández,LAD,25,14,27,22,3,2,1,0,5,4,0,0.23076923,0.181818181,0.197173611,19.64008466,-0.119865616
19966,Bobby Dalbec,BOS,28,20,49,45,10,4,0,1,6,1,1,0.285714285,0.333333333,0.274518956,65.13095164,-0.126130981
11481,Henry Ramos,CIN,31,23,86,74,18,11,1,0,9,5,2,0.348837209,0.31081081,0.302740261,82.86441758,-0.133422178
19768,Rylan Bannon,HOU,27,2,6,6,0,0,0,0,0,0,0,0,0,0,-100,-0.145268093
25867,Ryan Kreidler,DET,25,11,18,18,2,0,0,0,2,0,0,0.111111111,0.111111111,0.098054998,-51.39659034,-0.14736044
19346,Eli White,ATL,29,6,17,14,1,2,1,0,1,0,0,0.235294117,0.071428571,0.17650288,2.094183144,-0.149152472
16593,Kevin Padlo,LAA,26,3,8,8,1,0,0,0,1,0,0,0.125,0.25,0.155433744,-13.20731436,-0.149397327
23818,Ji Hwan Bae,PIT,23,110,368,332,78,29,2,2,54,32,24,0.298630136,0.31626506,0.274575085,67.60543286,-0.153425145
25817,Braden Shewmake,ATL,25,2,4,4,0,0,0,0,0,0,0,0,0,0,-100,-0.153769996
15672,Austin Meadows,DET,28,6,21,21,5,0,0,0,0,2,0,0.238095238,0.285714285,0.227307138,38.23218255,-0.155932461
19878,Adam Haseley,CHW,27,28,39,36,8,3,0,0,6,2,1,0.282051282,0.277777777,0.253073917,55.33146157,-0.156681839
12371,Tommy La Stella,SEA,34,12,24,21,4,3,0,0,2,2,0,0.291666666,0.238095238,0.249121994,57.86267085,-0.158489327
19212,Taylor Kohlwey,SDP,28,5,13,13,2,0,0,0,0,0,0,0.153846153,0.153846153,0.135768459,-18.60995511,-0.158808805
13265,Mike Zunino,CLE,32,42,140,124,22,15,1,3,11,11,0,0.271428571,0.306451612,0.260495332,63.69432299,-0.161058284
22261,Bubba Thompson,TEX,25,37,60,53,9,4,1,0,10,4,4,0.237288135,0.283018867,0.230207553,38.2868189,-0.165628599
16953,Chadwick Tromp,ATL,28,6,16,16,2,0,0,0,1,1,0,0.125,0.1875,0.132872809,-27.13022597,-0.170343948
25459,Peyton Burdick,MIA,26,14,37,33,6,3,1,1,4,2,1,0.27027027,0.333333333,0.268960268,64.97285237,-0.172984154
22542,Lawrence Butler,OAK,22,41,125,119,25,4,1,4,9,10,0,0.24,0.344537815,0.251988567,60.2985357,-0.174615772
21562,Romy Gonzalez,CHW,26,44,97,93,18,2,0,3,11,14,7,0.208333333,0.376344086,0.244314551,49.25735516,-0.175272951
27769,Pete Crow-Armstrong,CHC,21,12,15,11,0,2,0,0,3,1,1,0.153846153,0,0.107075535,-42.08622723,-0.1774594
24782,David Villar,SFG,26,46,140,124,18,11,4,5,15,12,1,0.235714285,0.314516129,0.2443841,52.58855416,-0.178475276
19562,Zack Short,DET,28,111,253,221,45,28,0,7,17,33,5,0.292,0.339366515,0.281171009,75.583616,-0.183043816
16680,Brian O'Keefe,SEA,29,8,21,19,2,2,0,0,0,2,0,0.19047619,0.210526315,0.184710565,13.19712538,-0.188802638
19514,Andrew Knizner,STL,28,69,237,221,53,12,2,10,30,31,2,0.283898305,0.425339366,0.304036635,91.12989526,-0.189802111
9952,Trayce Thompson,- - -,32,71,174,150,25,23,1,6,17,17,1,0.281609195,0.3,0.265756206,64.39660884,-0.189907907
15214,Brandon Dixon,SDP,31,33,86,79,16,1,4,2,10,9,1,0.244186046,0.329113924,0.248898011,57.1667786,-0.192814203
19610,Keibert Ruiz,WSN,24,135,557,518,133,31,6,18,54,64,1,0.305206463,0.405405405,0.307698905,90.76370756,-0.19302102
7304,Salvador Perez,KCR,33,139,576,535,137,19,13,23,59,79,0,0.294425087,0.424299065,0.304123423,87.59402045,-0.197220356
2434,Nelson Cruz,SDP,42,49,152,143,35,6,2,5,9,23,1,0.282894736,0.398601398,0.290814429,85.24334449,-0.19848421
17737,Josh Lester,BAL,28,11,23,22,4,1,0,0,0,4,0,0.217391304,0.181818181,0.183737866,10.60269984,-0.199292397
14950,Johan Camargo,SFG,29,8,20,18,4,1,1,0,0,2,0,0.3,0.222222222,0.247602147,54.74407494,-0.20006865
13744,David Dahl,SDP,29,4,9,9,1,0,0,1,1,1,0,0.111111111,0.444444444,0.222562234,39.52647914,-0.208532283
23691,José Tena,CLE,22,17,31,29,7,2,0,0,2,3,0,0.29032258,0.310344827,0.267464413,68.52697129,-0.209624733
25822,Andre Lipcius,DET,25,13,38,35,10,3,0,1,3,4,0,0.342105263,0.4,0.326170076,106.7878277,-0.21245873
20463,Irving Lopez,STL,28,4,8,8,0,0,0,0,0,0,0,0,0,0,-100,-0.214172351
14274,Mitch Haniger,SFG,32,61,229,211,44,15,2,6,27,28,1,0.266375545,0.364928909,0.274339338,72.65325053,-0.217087043
11265,Jonathan Schoop,DET,31,55,151,136,29,13,0,0,15,7,0,0.278145695,0.272058823,0.248530047,52.94902425,-0.21789687
21587,César Salazar,HOU,27,13,19,18,2,1,0,0,1,0,0,0.157894736,0.111111111,0.129525313,-28.40147116,-0.218326654
12510,Curt Casali,CIN,34,40,96,80,14,11,2,0,8,6,0,0.29032258,0.2,0.238547576,39.86670447,-0.219872107
23985,Osleivis Basabe,TBR,22,30,92,85,18,6,1,1,14,12,0,0.27173913,0.305882352,0.257743126,64.10791855,-0.22126628
22197,MJ Melendez,KCR,24,147,598,529,123,62,3,15,64,55,6,0.31438127,0.391304347,0.307366751,89.84307859,-0.223404267
15082,Adam Engel,SDP,31,5,6,6,0,0,0,0,0,0,0,0,0,0,-100,-0.229802758
16686,Jason Vosler,CIN,29,20,65,62,10,3,0,3,6,10,0,0.2,0.370967741,0.241268047,41.68893769,-0.230337296
20056,Alan Trejo,COL,27,83,227,207,48,16,1,4,24,26,5,0.287610619,0.342995169,0.277321558,55.8919861,-0.232285222
8418,Ehire Adrianza,ATL,33,5,11,10,0,1,0,0,0,0,0,0.09090909,0,0.063271907,-73.75048496,-0.235809188
19293,Nick Senzel,CIN,28,103,326,297,71,26,1,13,49,42,6,0.300613496,0.404040404,0.30569349,84.84255734,-0.24325806
20275,Jonathan Araúz,NYM,24,27,66,59,8,5,0,3,3,9,0,0.203125,0.288135593,0.217212658,35.20897537,-0.251179345
27531,David Hamilton,BOS,25,15,39,33,4,6,0,0,2,0,2,0.256410256,0.181818181,0.216099378,24.62040343,-0.25272041
11902,Hanser Alberto,CHW,30,30,90,82,18,4,1,3,11,16,0,0.261363636,0.390243902,0.279108135,73.3846637,-0.257568069
24400,Terrin Vavra,BAL,26,27,56,49,12,5,0,0,9,5,1,0.314814814,0.244897959,0.260553606,63.86990709,-0.261108561
14366,Joey Meneses,WSN,31,153,652,606,167,38,5,13,70,88,0,0.322085889,0.400990099,0.314941726,95.6151132,-0.262710589
26420,Kyren Paris,LAA,21,15,46,40,4,4,1,0,4,1,3,0.2,0.1,0.156444797,-12.5062084,-0.264307348
24451,J.P. Martínez,TEX,27,17,44,40,9,2,0,1,7,4,0,0.25,0.325,0.245817657,49.11150977,-0.268679849
20054,Bligh Madris,HOU,27,12,30,26,4,4,0,0,4,0,0,0.266666666,0.192307692,0.222497294,36.06914115,-0.271906561
10030,Chris Owings,PIT,31,11,25,25,4,0,0,0,0,0,0,0.16,0.16,0.141199198,-21.73275482,-0.274049759
15117,Hunter Dozier,KCR,31,29,91,82,15,8,0,2,8,9,2,0.252747252,0.304878048,0.246750415,47.809207,-0.276646779
5486,Abraham Almonte,NYM,34,8,16,15,1,1,0,0,1,0,0,0.125,0.133333333,0.121216308,-29.09155244,-0.277069065
18316,Edwin Ríos,CHC,29,18,34,28,2,5,1,1,3,2,0,0.235294117,0.214285714,0.219192852,33.01248886,-0.284587978
16403,Francisco Mejía,TBR,27,50,160,150,34,6,1,5,22,19,0,0.257861635,0.4,0.279750929,79.36903796,-0.285587592
16451,Luis Guillorme,NYM,28,54,120,107,24,10,0,1,12,9,0,0.288135593,0.327102803,0.268513405,69.57137642,-0.292751852
17710,Matt Beaty,- - -,30,30,72,61,14,6,5,0,8,4,0,0.347222222,0.295081967,0.300071328,85.34132549,-0.298851002
21078,Trey Cabbage,LAA,26,22,56,53,11,2,0,1,5,7,1,0.232142857,0.320754716,0.237552086,43.73693623,-0.30799765
11342,Jesús Aguilar,OAK,33,36,115,104,23,8,1,5,8,9,0,0.280701754,0.384615384,0.281465876,80.73931906,-0.309243707
8090,Matt Carpenter,SDP,37,76,237,188,33,41,2,5,18,31,1,0.322033898,0.319148936,0.292562008,86.41391234,-0.314149349
18217,Brett Sullivan,SDP,29,32,82,77,17,4,0,1,7,6,0,0.25609756,0.298701298,0.243778887,53.73787348,-0.314682099
24703,Jonah Bride,OAK,27,40,106,88,15,11,4,0,9,7,0,0.285714285,0.204545454,0.23695751,49.87537943,-0.314879108
19422,Brian Serven,COL,28,11,23,23,3,0,0,0,0,1,0,0.130434782,0.173913043,0.130802605,-42.24972432,-0.324147417
23378,Jose Barrero,CIN,25,46,149,133,29,15,0,2,15,17,3,0.295302013,0.32330827,0.276249324,65.12018865,-0.324381025
19957,Blake Rutherford,WSN,26,16,36,35,6,1,0,0,4,2,0,0.194444444,0.171428571,0.16641558,-3.871060432,-0.326842112
26438,Dominic Canzone,- - -,25,58,179,170,38,8,1,6,23,20,1,0.262569832,0.405882352,0.286284216,82.02096647,-0.328119084
19198,Yuli Gurriel,MIA,39,108,327,296,74,26,1,4,32,28,4,0.308868501,0.364864864,0.291215797,79.8801096,-0.328828033
15794,Yonathan Daza,COL,29,24,80,74,20,3,1,0,8,7,1,0.303797468,0.351351351,0.286453095,62.00849596,-0.330065821
12399,Taylor Motter,STL,33,29,82,76,13,5,1,0,3,2,0,0.231707317,0.210526315,0.204407154,24.39581418,-0.339870723
5760,Avisaíl García,MIA,32,37,118,108,20,6,2,3,8,12,2,0.24137931,0.314814814,0.240978034,46.22971845,-0.340822589
9241,Starling Marte,NYM,34,86,341,315,78,16,8,5,38,28,24,0.300884955,0.323809523,0.277806376,75.79601868,-0.344192336
27604,Alika Williams,PIT,24,46,112,101,20,9,1,0,7,6,0,0.27027027,0.247524752,0.23824113,43.26812735,-0.345300686
19458,Cooper Hummel,SEA,28,10,26,23,2,2,1,0,2,0,1,0.192307692,0.130434782,0.163231497,-1.697347968,-0.347559138
25569,Jake Alu,WSN,26,50,175,159,36,10,3,2,14,16,5,0.281609195,0.289308176,0.256074026,56.18419532,-0.350862056
21497,Luken Baker,STL,26,32,95,82,17,13,0,2,8,9,0,0.315789473,0.304878048,0.284351344,77.94424177,-0.352328267
15983,Clint Frazier,CHW,28,33,76,66,13,10,0,0,10,3,4,0.302631578,0.242424242,0.256304928,57.57197832,-0.353847269
22823,Oswald Peraza,NYY,23,51,187,169,33,13,5,2,15,14,4,0.272727272,0.278106508,0.250959932,57.04120201,-0.357354395
22515,Heliot Ramos,SFG,23,25,60,56,10,4,0,1,5,2,0,0.233333333,0.303571428,0.236222979,47.12205106,-0.358312489
5452,Ji Man Choi,- - -,32,38,113,101,17,9,1,6,12,13,0,0.238938053,0.396039603,0.270094435,66.81778454,-0.376482576
21547,Coco Montes,COL,26,18,41,38,7,2,1,1,3,3,0,0.243902439,0.315789473,0.24726912,35.76218304,-0.383077705
15937,Aledmys Díaz,OAK,32,109,344,315,72,17,7,4,25,24,1,0.279883381,0.336507936,0.268180711,71.52683724,-0.393714353
16434,Christian Arroyo,BOS,28,66,206,195,47,7,1,3,23,24,1,0.268292682,0.369230769,0.274207649,64.91507869,-0.397402019
29591,Colton Cowser,BAL,23,26,77,61,7,13,2,0,15,4,1,0.285714285,0.147540983,0.225966774,39.88596894,-0.399232682
3516,Eric Hosmer,CHC,33,31,100,94,22,6,0,2,7,14,0,0.28,0.329787234,0.269148907,66.47418513,-0.406560562
22277,Nick Allen,OAK,24,105,325,299,64,17,1,4,28,19,5,0.257053291,0.277591973,0.238164555,50.71239457,-0.409800295
4892,Mike Moustakas,- - -,34,112,386,352,87,23,3,12,43,48,0,0.292746113,0.392045454,0.293840227,76.88100653,-0.41033338
18067,Garrett Stubbs,PHI,30,40,121,110,21,8,2,1,13,11,1,0.258333333,0.272727272,0.240023221,45.40076281,-0.415223593
17922,Isan Díaz,- - -,27,8,26,24,1,2,0,0,0,1,0,0.115384615,0.041666666,0.087479883,-50.37377872,-0.418061694
16337,Nick Gordon,MIN,27,34,93,91,16,1,0,2,13,7,0,0.184782608,0.318681318,0.21247577,29.61209137,-0.421880134
5273,Sandy León,TEX,34,22,44,41,6,1,1,0,4,4,0,0.186046511,0.195121951,0.172999601,-1.38353847,-0.422021084
17893,Tyler Nevin,DET,26,40,110,94,19,12,3,2,11,10,0,0.309090909,0.319148936,0.284612933,77.97038813,-0.425489651
14811,Luke Voit,MIL,32,22,74,68,15,4,2,0,5,4,2,0.283783783,0.264705882,0.250762941,52.83948227,-0.42956209
29715,Hunter Goodman,COL,23,23,77,70,14,5,0,1,6,17,1,0.246753246,0.385714285,0.265674216,48.09033253,-0.43029022
23690,Brayan Rocchio,CLE,22,22,82,77,20,4,0,0,9,7,0,0.292682926,0.337662337,0.275606262,74.17286553,-0.433402299
26151,Kyle Stowers,BAL,25,14,33,30,2,3,0,0,1,0,0,0.151515151,0.066666666,0.116756452,-35.84497987,-0.435236744
19508,Kyle Lewis,ARI,27,16,54,51,8,3,0,1,2,2,0,0.203703703,0.25490196,0.203526813,21.25929505,-0.437489032
12180,Jorge Alfaro,- - -,30,18,52,48,7,2,2,1,2,4,0,0.211538461,0.291666666,0.222808767,22.92349074,-0.438363711
16947,Derek Hill,WSN,27,13,50,47,8,3,0,0,3,1,1,0.22,0.191489361,0.190178156,12.04565039,-0.451631156
22871,Tucupita Marcano,PIT,23,75,220,202,47,10,3,3,16,18,5,0.276497695,0.356435643,0.275025323,67.90701253,-0.451820012
20242,Kevin Smith,OAK,26,49,146,135,25,5,1,5,15,11,1,0.219858156,0.325925925,0.236277497,49.4038302,-0.452001588
19931,Luke Williams,- - -,26,11,19,19,1,0,0,0,1,0,4,0.052631578,0.052631578,0.046447105,-75.43144803,-0.456265707
19683,Mike Brosseau,MIL,29,29,78,73,15,4,1,4,4,8,0,0.256410256,0.397260273,0.281431681,73.38209841,-0.467620892
10441,Jon Singleton,- - -,31,35,104,90,15,13,0,2,11,12,0,0.269230769,0.266666666,0.246243872,52.33011249,-0.477771845
27735,Brett Wisely,SFG,24,51,131,120,21,9,0,2,10,8,2,0.23076923,0.266666666,0.221863989,37.50407443,-0.480200046
23695,Everson Pereira,NYY,22,26,99,90,14,7,2,0,6,10,4,0.232323232,0.2,0.203261723,23.96529326,-0.487734726
18032,Mark Mathias,- - -,28,27,72,62,14,10,0,0,6,6,3,0.333333333,0.258064516,0.278288744,70.81594306,-0.498574392
12546,C.J. Cron,- - -,33,71,278,258,64,17,1,12,38,37,0,0.294964028,0.434108527,0.312288053,82.11831204,-0.499577861
26467,Luis Matos,SFG,21,76,253,228,57,20,3,2,24,14,3,0.318725099,0.342105263,0.294900038,86.42527307,-0.499732042
15194,Jake Bauers,NYY,27,84,272,242,49,27,0,12,28,30,3,0.279411764,0.41322314,0.29740962,89.25133446,-0.511071532
26319,Michael Busch,LAD,25,27,81,72,12,8,0,2,9,7,1,0.24691358,0.291666666,0.240517565,48.67284601,-0.517897223
21707,Oswaldo Cabrera,NYY,24,114,326,294,63,25,2,5,35,29,8,0.27863777,0.302721088,0.258778453,62.46288737,-0.524154666
26123,Brett Baty,NYM,23,107,386,350,75,29,2,9,41,34,2,0.27748691,0.325714285,0.267643435,68.98865067,-0.525322876
23264,Canaan Smith-Njigba,PIT,24,15,37,32,4,4,0,0,3,5,1,0.216216216,0.21875,0.198939832,16.94322907,-0.527786248
25482,TJ Hopkins,CIN,26,25,44,41,7,2,1,0,7,1,1,0.227272727,0.170731707,0.18853452,6.366827788,-0.561890395
15172,Tim Anderson,CHW,30,123,524,493,121,26,3,1,52,25,13,0.286259541,0.296146044,0.259629197,59.87716362,-0.572865723
20536,Vidal Bruján,TBR,25,37,84,76,13,5,2,0,14,6,3,0.240963855,0.197368421,0.206343177,28.46507049,-0.57964884
14566,Franmil Reyes,KCR,27,19,65,59,11,4,0,2,5,7,0,0.23076923,0.288135593,0.226654446,33.87383201,-0.581944452
22117,Nick Pratto,KCR,24,94,341,302,69,29,6,7,33,34,1,0.304985337,0.350993377,0.290474721,78.12944692,-0.588141901
19717,Darick Hall,PHI,27,18,56,54,9,2,0,1,2,3,0,0.196428571,0.24074074,0.193142445,13.99895798,-0.599811054
12984,Jackie Bradley Jr.,KCR,33,43,113,105,14,5,2,1,10,6,0,0.1875,0.209523809,0.18046847,1.84656852,-0.603454157
17988,Tyler Stephenson,CIN,26,141,514,462,113,47,4,13,59,56,0,0.319066147,0.38095238,0.306844475,85.61351348,-0.608239874
8202,Josh Harrison,PHI,35,41,114,103,21,3,6,2,8,10,0,0.263157894,0.291262135,0.248253113,50.91333056,-0.610018924
13723,Jacob Stallings,MIA,33,88,273,238,46,27,3,3,22,20,0,0.281481481,0.289915966,0.259185506,58.4254958,-0.615547266
18400,Juan Yepez,STL,25,28,65,60,11,4,1,2,5,2,0,0.246153846,0.3,0.243378246,50.49953343,-0.61879823
27845,Matt Mervis,CHC,25,27,99,90,15,8,1,3,8,11,0,0.242424242,0.288888888,0.23853606,45.96900726,-0.627625627
13755,Tomás Nido,NYM,29,22,61,56,7,2,0,0,5,1,0,0.152542372,0.125,0.12829571,-24.3496093,-0.658863277
26031,Vaughn Grissom,ATL,22,23,80,75,21,2,2,0,5,9,0,0.3125,0.346666666,0.289316257,77.65913631,-0.667558436
12158,Austin Barnes,LAD,33,59,200,178,32,17,2,2,15,11,2,0.256281407,0.241573033,0.228994147,40.95419968,-0.669004353
25543,Korey Lee,CHW,24,23,70,65,5,5,0,1,4,3,0,0.142857142,0.138461538,0.133913856,-27.29904723,-0.677737512
10762,Corey Dickerson,WSN,34,50,152,144,36,7,0,2,12,17,0,0.282894736,0.354166666,0.276944515,70.16372161,-0.679886986
17040,Jose Herrera,ARI,26,43,120,101,21,13,0,0,15,7,1,0.295652173,0.257425742,0.255523063,56.08756055,-0.694581735
27479,Masyn Winn,STL,21,36,134,119,21,10,0,2,8,12,2,0.234848484,0.243697478,0.215571096,31.87367515,-0.701479955
20543,Elehuris Montero,COL,24,84,303,280,69,15,5,11,40,39,0,0.293729372,0.432142857,0.310478315,78.10113247,-0.730048158
22896,Lenyn Sosa,CHW,23,51,168,161,32,3,0,6,12,14,0,0.212121212,0.347826086,0.237679109,44.65606581,-0.73631068
9256,AJ Pollock,- - -,35,54,144,133,22,9,0,5,15,15,0,0.215277777,0.308270676,0.227260653,43.32348085,-0.759657073
1744,Miguel Cabrera,DET,40,97,366,331,86,30,2,4,21,34,0,0.322404371,0.356495468,0.300350279,88.88331375,-0.769356895
22184,Mark Vientos,NYM,23,64,230,215,46,10,3,9,19,22,1,0.256521739,0.372093023,0.270907439,71.17495487,-0.774591759
18889,Danny Mendick,NYM,29,35,69,65,12,4,0,1,4,4,1,0.231884057,0.276923076,0.22575933,40.93372945,-0.780145163
13853,Joey Wendle,MIA,33,111,315,295,63,12,2,2,33,20,7,0.246794871,0.308474576,0.2419087,46.85310011,-0.780820031
15149,Trey Mancini,CHC,31,79,263,235,55,21,2,4,31,28,0,0.298850574,0.336170212,0.279704415,73.54450331,-0.781326228
25111,David Hensley,HOU,27,30,94,84,10,10,0,1,12,3,1,0.212765957,0.166666666,0.183685104,9.1551648,-0.791433183
10047,Wil Myers,CIN,32,37,141,127,24,12,0,3,11,12,2,0.257142857,0.283464566,0.242688512,42.64039726,-0.792693707
19892,Pavin Smith,ARI,27,69,228,191,36,35,1,7,26,30,1,0.317180616,0.324607329,0.292970954,81.17100493,-0.804733433
25055,Nate Eaton,KCR,26,28,56,53,4,2,1,0,2,1,3,0.125,0.075471698,0.100857749,-53.3587947,-0.808919894
4949,Giancarlo Stanton,NYY,33,101,415,371,71,41,2,24,43,60,0,0.274698795,0.420485175,0.296464036,88.59562702,-0.811197936
20538,Jose Miranda,MIN,25,40,152,142,30,9,1,3,12,13,0,0.263157894,0.302816901,0.251779182,56.86670102,-0.812047179
27467,Tyler Soderstrom,OAK,21,44,134,121,20,11,1,3,9,7,0,0.23880597,0.247933884,0.222048827,39.537083,-0.829392777
13590,Jesse Winker,MIL,29,61,197,166,33,26,4,1,16,23,0,0.319796954,0.246987951,0.269278315,65.24149864,-0.841234541
15676,José Abreu,HOU,36,140,590,536,126,42,6,17,60,88,0,0.294915254,0.376865671,0.292231438,84.4256767,-0.855355017
29617,Henry Davis,PIT,23,61,251,222,48,24,4,7,27,24,3,0.302788844,0.355855855,0.289275319,77.45198236,-0.85790622
18607,Jared Walsh,LAA,29,39,116,104,13,11,1,4,10,11,0,0.215517241,0.278846153,0.222246275,33.12325476,-0.863464855
27577,Casey Schmitt,SFG,24,89,274,250,50,13,5,3,26,28,2,0.250922509,0.296,0.241990081,50.98498625,-0.876154239
12532,Kolten Wong,- - -,32,86,248,222,41,18,5,4,25,27,3,0.258064516,0.265765765,0.237857268,49.19678112,-0.888230362
21987,Rodolfo Castro,- - -,24,92,256,227,48,23,5,6,21,24,1,0.296875,0.321585903,0.276675045,69.18588734,-0.902103527
27615,Alec Burleson,STL,24,107,347,315,77,23,3,8,34,36,3,0.300291545,0.39047619,0.300314862,88.63696767,-0.908755611
6153,Eduardo Escobar,- - -,34,99,305,284,63,18,0,6,32,30,2,0.266447368,0.341549295,0.264616898,64.024626,-0.94855076
22650,Jordan Diaz,OAK,22,89,289,269,59,16,3,10,20,27,0,0.269896193,0.364312267,0.276248103,77.12109986,-0.95708434
23788,Jordyn Adams,LAA,23,17,40,39,5,0,0,0,1,1,1,0.125,0.128205128,0.110311873,-44.49668362,-0.959670984
15941,Austin Nola,SDP,33,52,154,130,19,18,2,1,9,8,0,0.26,0.192307692,0.219672509,37.59087649,-0.963848724
15679,Rowdy Tellez,MIL,28,105,350,311,67,34,0,13,26,47,0,0.288571428,0.376205787,0.287071413,77.15971826,-0.979777052
12981,Cam Gallagher,CLE,30,56,149,143,18,4,1,0,6,7,0,0.154362416,0.167832167,0.144703325,-16.6006379,-1.001885197
15429,Kris Bryant,COL,31,79,331,297,70,28,6,10,36,31,0,0.314199395,0.37037037,0.303426675,73.37778411,-1.122620638
21635,Nick Maton,DET,26,93,293,249,43,38,3,8,29,32,1,0.287671232,0.305220883,0.268352104,66.69445768,-1.134617647
6887,Martín Maldonado,HOU,36,116,404,359,69,30,3,15,33,36,0,0.260204081,0.35097493,0.268087438,67.68323029,-1.195913278
25845,Michael Toglia,COL,24,45,152,141,23,10,1,4,18,9,1,0.22368421,0.283687943,0.225463828,21.15650458,-1.214590216
5933,Jean Segura,MIA,33,85,326,301,66,22,2,3,25,21,6,0.276923076,0.279069767,0.249539827,51.96460112,-1.258103939
19901,Gavin Sheets,CHW,27,117,339,306,62,28,1,10,24,43,1,0.268436578,0.333333333,0.262171892,61.64037298,-1.301302324
30162,Oscar Colás,CHW,24,75,263,245,53,12,2,5,32,19,4,0.25670498,0.314285714,0.248968767,52.48478081,-1.305296964
14111,Eric Haase,- - -,30,89,293,274,55,17,0,4,22,26,4,0.246575342,0.281021897,0.232745688,42.0970821,-1.375687427
20970,Oscar Gonzalez,CLE,25,53,177,170,37,5,1,2,15,12,0,0.242937853,0.317647058,0.24292659,51.51143098,-1.380621977
10472,Enrique Hernández,- - -,31,139,504,461,109,34,3,10,56,58,4,0.289682539,0.351409978,0.280011824,70.97469991,-1.406933283
14691,Harold Castro,COL,29,99,270,258,65,9,0,1,24,31,1,0.275092936,0.313953488,0.258138783,43.04292915,-1.56828699
10815,Jurickson Profar,- - -,30,124,516,454,109,50,6,9,55,45,1,0.320388349,0.367841409,0.30398263,75.47777661,-1.937890275